"Id","Path","Slice Name","Alias(s)","Label","Min","Max","Must Support?","Is Modifier?","Is Summary?","Type(s)","Short","Definition","Comments","Requirements","Default Value","Meaning When Missing","Fixed Value","Pattern","Example","Minimum Value","Maximum Value","Maximum Length","Binding Strength","Binding Description","Binding Value Set","Code","Slicing Discriminator","Slicing Description","Slicing Ordered","Slicing Rules","Base Path","Base Min","Base Max","Condition(s)","Constraint(s)","Mapping: Workflow Pattern","Mapping: RIM Mapping","Mapping: FiveWs Pattern Mapping","Mapping: V3 Pharmacy Dispense RMIM","Mapping: HL7 v2 Mapping"
"MedicationDispense","MedicationDispense","","","",0,*,"","","","null {[]} {[]}
","依據為病人或實體集合（例如：特定的一群人）開立的藥品處方所發給之藥物","通常為藥局提供藥物給病人之給藥或發藥紀錄。","","","","","","","","","",,,,,"",,,,"MedicationDispense",0,*,"","dom-2:If the resource is contained in another resource, it SHALL NOT contain nested Resources {contained.contained.empty()}
dom-3:If the resource is contained in another resource, it SHALL be referred to from elsewhere in the resource or SHALL refer to the containing resource {contained.where((('#'+id in (%resource.descendants().reference | %resource.descendants().as(canonical) | %resource.descendants().as(uri) | %resource.descendants().as(url))) or descendants().where(reference = '#').exists() or descendants().where(as(canonical) = '#').exists() or descendants().where(as(canonical) = '#').exists()).not()).trace('unmatched', id).empty()}dom-4:If a resource is contained in another resource, it SHALL NOT have a meta.versionId or a meta.lastUpdated {contained.meta.versionId.empty() and contained.meta.lastUpdated.empty()}dom-5:If a resource is contained in another resource, it SHALL NOT have a security label {contained.meta.security.empty()}dom-6:A resource should have narrative for robust management {text.`div`.exists()}mdd-1:whenHandedOver cannot be before whenPrepared {whenHandedOver.empty() or whenPrepared.empty() or whenHandedOver >= whenPrepared}","Event","Entity. Role, or Act","Supply[moodCode=EVN]"
"MedicationDispense.id","MedicationDispense.id","","","",0,1,"","","Y","id {[]} {[]}
","Logical id of this artifact","The logical id of the resource, as used in the URL for the resource. Once assigned, this value never changes.","The only time that a resource does not have an id is when it is being submitted to the server using a create operation.","","","","","","","","",,,,,"",,,,"Resource.id",0,1,"",""
"MedicationDispense.meta","MedicationDispense.meta","","","",0,1,"","","Y","Meta {[]} {[]}
","Metadata about the resource","The metadata about the resource. This is content that is maintained by the infrastructure. Changes to the content might not always be associated with version changes to the resource.","","","","","","","","","",,,,,"",,,,"Resource.meta",0,1,"","ele-1:All FHIR elements must have a @value or children {hasValue() or (children().count() > id.count())}
"
"MedicationDispense.implicitRules","MedicationDispense.implicitRules","","","",0,1,"","Y","Y","uri {[]} {[]}
","A set of rules under which this content was created","A reference to a set of rules that were followed when the resource was constructed, and which must be understood when processing the content. Often, this is a reference to an implementation guide that defines the special rules along with other profiles etc.","Asserting this rule set restricts the content to be only understood by a limited set of trading partners. This inherently limits the usefulness of the data in the long term. However, the existing health eco-system is highly fractured, and not yet ready to define, collect, and exchange data in a generally computable sense. Wherever possible, implementers and/or specification writers should avoid using this element. Often, when used, the URL is a reference to an implementation guide that defines these special rules as part of it's narrative along with other profiles, value sets, etc.","","","","","","","","",,,,,"",,,,"Resource.implicitRules",0,1,"","ele-1:All FHIR elements must have a @value or children {hasValue() or (children().count() > id.count())}
"
"MedicationDispense.language","MedicationDispense.language","","","",0,1,"","","","code {[]} {[]}
","Language of the resource content","The base language in which the resource is written.","Language is provided to support indexing and accessibility (typically, services such as text to speech use the language tag). The html language tag in the narrative applies  to the narrative. The language tag on the resource may be used to specify the language of other presentations generated from the data in the resource. Not all the content has to be in the base language. The Resource.language should not be assumed to apply to the narrative automatically. If a language is specified, it should it also be specified on the div element in the html (see rules in HTML5 for information about the relationship between xml:lang and the html lang attribute).","","","","","","","","",,"preferred","A human language.","http://hl7.org/fhir/ValueSet/languages","",,,,"Resource.language",0,1,"","ele-1:All FHIR elements must have a @value or children {hasValue() or (children().count() > id.count())}
"
"MedicationDispense.text","MedicationDispense.text","","narrative
htmlxhtmldisplay","",0,1,"","","","Narrative {[]} {[]}
","Text summary of the resource, for human interpretation","A human-readable narrative that contains a summary of the resource and can be used to represent the content of the resource to a human. The narrative need not encode all the structured data, but is required to contain sufficient detail to make it ""clinically safe"" for a human to just read the narrative. Resource definitions may define what content should be represented in the narrative to ensure clinical safety.","Contained resources do not have narrative. Resources that are not contained SHOULD have a narrative. In some cases, a resource may only have text with little or no additional discrete data (as long as all minOccurs=1 elements are satisfied).  This may be necessary for data from legacy systems where information is captured as a ""text blob"" or where text is additionally entered raw or narrated and encoded information is added later.","","","","","","","","",,,,,"",,,,"DomainResource.text",0,1,"","ele-1:All FHIR elements must have a @value or children {hasValue() or (children().count() > id.count())}
","Act.text?"
"MedicationDispense.contained","MedicationDispense.contained","","inline resources
anonymous resourcescontained resources","",0,*,"","","","Resource {[]} {[]}
","Contained, inline Resources","These resources do not have an independent existence apart from the resource that contains them - they cannot be identified independently, and nor can they have their own independent transaction scope.","This should never be done when the content can be identified properly, as once identification is lost, it is extremely difficult (and context dependent) to restore it again. Contained resources may have profiles and tags In their meta elements, but SHALL NOT have security labels.","","","","","","","","",,,,,"",,,,"DomainResource.contained",0,*,"","","N/A"
"MedicationDispense.extension","MedicationDispense.extension","","extensions
user content","",0,*,"","","","Extension {[]} {[]}
","Additional content defined by implementations","May be used to represent additional information that is not part of the basic definition of the resource. To make the use of extensions safe and manageable, there is a strict set of governance  applied to the definition and use of extensions. Though any implementer can define an extension, there is a set of requirements that SHALL be met as part of the definition of the extension.","There can be no stigma associated with the use of extensions by any application, project, or standard - regardless of the institution or jurisdiction that uses or defines the extensions.  The use of extensions is what allows the FHIR specification to retain a core level of simplicity for everyone.","","","","","","","","",,,,,"",,,,"DomainResource.extension",0,*,"","ele-1:All FHIR elements must have a @value or children {hasValue() or (children().count() > id.count())}
ext-1:Must have either extensions or value[x], not both {extension.exists() != value.exists()}","N/A"
"MedicationDispense.modifierExtension","MedicationDispense.modifierExtension","","extensions
user content","",0,*,"","Y","","Extension {[]} {[]}
","Extensions that cannot be ignored","May be used to represent additional information that is not part of the basic definition of the resource and that modifies the understanding of the element that contains it and/or the understanding of the containing element's descendants. Usually modifier elements provide negation or qualification. To make the use of extensions safe and manageable, there is a strict set of governance applied to the definition and use of extensions. Though any implementer is allowed to define an extension, there is a set of requirements that SHALL be met as part of the definition of the extension. Applications processing a resource are required to check for modifier extensions.

Modifier extensions SHALL NOT change the meaning of any elements on Resource or DomainResource (including cannot change the meaning of modifierExtension itself).","There can be no stigma associated with the use of extensions by any application, project, or standard - regardless of the institution or jurisdiction that uses or defines the extensions.  The use of extensions is what allows the FHIR specification to retain a core level of simplicity for everyone.","Modifier extensions allow for extensions that *cannot* be safely ignored to be clearly distinguished from the vast majority of extensions which can be safely ignored.  This promotes interoperability by eliminating the need for implementers to prohibit the presence of extensions. For further information, see the [definition of modifier extensions](http://hl7.org/fhir/R4/extensibility.html#modifierExtension).","","","","","","","",,,,,"",,,,"DomainResource.modifierExtension",0,*,"","ele-1:All FHIR elements must have a @value or children {hasValue() or (children().count() > id.count())}
ext-1:Must have either extensions or value[x], not both {extension.exists() != value.exists()}","N/A"
"MedicationDispense.identifier","MedicationDispense.identifier","","","",0,*,"","","","Identifier {[]} {[]}
","External identifier","Identifiers associated with this Medication Dispense that are defined by business processes and/or used to refer to it when a direct URL reference to the resource itself is not appropriate. They are business identifiers assigned to this resource by the performer or other systems and remain constant as the resource is updated and propagates from server to server.","This is a business identifier, not a resource identifier.","","","","","","","","",,,,,"",,,,"MedicationDispense.identifier",0,*,"","ele-1:All FHIR elements must have a @value or children {hasValue() or (children().count() > id.count())}
","Event.identifier",".id","FiveWs.identifier","CombinedMedicationDispense.id"
"MedicationDispense.partOf","MedicationDispense.partOf","","","",0,*,"","","","Reference {[]} {[CanonicalType[http://hl7.org/fhir/StructureDefinition/Procedure]]}
","Event that dispense is part of","The procedure that trigger the dispense.","","","","","","","","","",,,,,"",,,,"MedicationDispense.partOf",0,*,"","ele-1:All FHIR elements must have a @value or children {hasValue() or (children().count() > id.count())}
","Event.partOf",".outboundRelationship[typeCode=COMP]/target[classCode=PROC,moodCode=EVN]"
"MedicationDispense.status","MedicationDispense.status","","","",1,1,"Y","Y","Y","code {[]} {[]}
","preparation | in-progress | cancelled | on-hold | completed | entered-in-error | stopped | declined | unknown","A code specifying the state of the set of dispense events.","This element is labeled as a modifier because the status contains codes that mark the resource as not currently valid.","","","","","","","","",,"required","A coded concept specifying the state of the dispense event.","http://hl7.org/fhir/ValueSet/medicationdispense-status|4.0.1","",,,,"MedicationDispense.status",1,1,"","ele-1:All FHIR elements must have a @value or children {hasValue() or (children().count() > id.count())}
","Event.status",".statusCode","FiveWs.status","CombinedMedicationDispense.SupplyEvent.statusCode"
"MedicationDispense.statusReason[x]","MedicationDispense.statusReason[x]","","","",0,1,"","","","CodeableConcept {[]} {[]}
Reference {[]} {[CanonicalType[http://hl7.org/fhir/StructureDefinition/DetectedIssue]]}","Why a dispense was not performed","Indicates the reason why a dispense was not performed.","","","","","","","","","",,"example","A code describing why a dispense was not performed.","http://hl7.org/fhir/ValueSet/medicationdispense-status-reason","",,,,"MedicationDispense.statusReason[x]",0,1,"","ele-1:All FHIR elements must have a @value or children {hasValue() or (children().count() > id.count())}
","Event.statusReason",".outboundRelationship[typeCode=RSON]/target[classCode=OBS,moodCode=EVN, code=""not done reason""].value"
"MedicationDispense.category","MedicationDispense.category","","","",0,1,"","","","CodeableConcept {[]} {[]}
","Type of medication dispense","Indicates the type of medication dispense (for example, where the medication is expected to be consumed or administered (i.e. inpatient or outpatient)).","The category can be used to include where the medication is expected to be consumed or other types of dispenses.  Invariants can be used to bind to different value sets when profiling to bind.","","","","","","","","",,"preferred","A code describing where the dispensed medication is expected to be consumed or administered.","http://hl7.org/fhir/ValueSet/medicationdispense-category","",,,,"MedicationDispense.category",0,1,"","ele-1:All FHIR elements must have a @value or children {hasValue() or (children().count() > id.count())}
",".inboundRelationship[typeCode=COMP].source[classCode=OBS, moodCode=EVN, code=""type of medication dispense""].value"
"MedicationDispense.medication[x]","MedicationDispense.medication[x]","","","",1,1,"Y","","Y","CodeableConcept {[]} {[]}
Reference {[]} {[CanonicalType[http://hl7.org/fhir/StructureDefinition/Medication]]}","What medication was supplied","Identifies the medication being administered. This is either a link to a resource representing the details of the medication or a simple attribute carrying a code that identifies the medication from a known list of medications.","If only a code is specified, then it needs to be a code for a specific product. If more information is required, then the use of the medication resource is recommended.  For example, if you require form or lot number, then you must reference the Medication resource.","","","","","","","","",,"example","A coded concept identifying which substance or product can be dispensed.","http://hl7.org/fhir/ValueSet/medication-codes","",,,,"MedicationDispense.medication[x]",1,1,"","ele-1:All FHIR elements must have a @value or children {hasValue() or (children().count() > id.count())}
","Event.code",".participation[typeCode=PRD].role","FiveWs.what[x]","CombinedMedicationRequest.component1.AdministrationRequest.consumable","RXD-2-Dispense/Give Code"
"MedicationDispense.subject","MedicationDispense.subject","","","",1,1,"Y","","Y","Reference {[]} {[CanonicalType[http://hl7.org/fhir/StructureDefinition/Patient], CanonicalType[http://hl7.org/fhir/StructureDefinition/Group]]}
","Who the dispense is for","A link to a resource representing the person or the group to whom the medication will be given.","SubstanceAdministration->subject->Patient.","","","","","","","","",,,,,"",,,,"MedicationDispense.subject",0,1,"","ele-1:All FHIR elements must have a @value or children {hasValue() or (children().count() > id.count())}
","Event.subject",".participation[typeCode=SBJ].role[classCode=PAT]","FiveWs.subject[x]","FiveWs.subject","PID-3-Patient ID List"
"MedicationDispense.context","MedicationDispense.context","","","",0,1,"","","","Reference {[]} {[CanonicalType[http://hl7.org/fhir/StructureDefinition/Encounter], CanonicalType[http://hl7.org/fhir/StructureDefinition/EpisodeOfCare]]}
","Encounter / Episode associated with event","The encounter or episode of care that establishes the context for this event.","","","","","","","","","",,,,,"",,,,"MedicationDispense.context",0,1,"","ele-1:All FHIR elements must have a @value or children {hasValue() or (children().count() > id.count())}
","Event.context",".inboundRelationship[typeCode=COMP].source[classCode=ENC, moodCode=EVN, code=""type of encounter or episode""]"
"MedicationDispense.supportingInformation","MedicationDispense.supportingInformation","","","",0,*,"","","","Reference {[]} {[CanonicalType[http://hl7.org/fhir/StructureDefinition/Resource]]}
","Information that supports the dispensing of the medication","Additional information that supports the medication being dispensed.","","","","","","","","","",,,,,"",,,,"MedicationDispense.supportingInformation",0,*,"","ele-1:All FHIR elements must have a @value or children {hasValue() or (children().count() > id.count())}
",".outboundRelationship[typeCode=PERT].target[A_SupportingClinicalStatement CMET minimal with many different choices of classCodes(ORG, ENC, PROC, SPLY, SBADM, OBS) and each of the act class codes draws from one or more of the following moodCodes (EVN, DEF, INT PRMS, RQO, PRP, APT, ARQ, GOL)]","FiveWs.context"
"MedicationDispense.performer","MedicationDispense.performer","","","",1,*,"Y","","","BackboneElement {[]} {[]}
","Who performed event","Indicates who or what performed the event.","","","","","","","","","",,,,,"",,,,"MedicationDispense.performer",0,*,"","ele-1:All FHIR elements must have a @value or children {hasValue() or (children().count() > id.count())}
","Event.performer",".participation[typeCode=PRF]"
"MedicationDispense.performer.id","MedicationDispense.performer.id","","","",0,1,"","","","string {[]} {[]}
","Unique id for inter-element referencing","Unique id for the element within a resource (for internal references). This may be any string value that does not contain spaces.","","","","","","","","","",,,,,"",,,,"Element.id",0,1,"","","n/a"
"MedicationDispense.performer.extension","MedicationDispense.performer.extension","","extensions
user content","",0,*,"","","","Extension {[]} {[]}
","Additional content defined by implementations","May be used to represent additional information that is not part of the basic definition of the element. To make the use of extensions safe and manageable, there is a strict set of governance  applied to the definition and use of extensions. Though any implementer can define an extension, there is a set of requirements that SHALL be met as part of the definition of the extension.","There can be no stigma associated with the use of extensions by any application, project, or standard - regardless of the institution or jurisdiction that uses or defines the extensions.  The use of extensions is what allows the FHIR specification to retain a core level of simplicity for everyone.","","","","","","","","",,,,,"",,,,"Element.extension",0,*,"","ele-1:All FHIR elements must have a @value or children {hasValue() or (children().count() > id.count())}
ext-1:Must have either extensions or value[x], not both {extension.exists() != value.exists()}","n/a"
"MedicationDispense.performer.modifierExtension","MedicationDispense.performer.modifierExtension","","extensions
user contentmodifiers","",0,*,"","Y","Y","Extension {[]} {[]}
","Extensions that cannot be ignored even if unrecognized","May be used to represent additional information that is not part of the basic definition of the element and that modifies the understanding of the element in which it is contained and/or the understanding of the containing element's descendants. Usually modifier elements provide negation or qualification. To make the use of extensions safe and manageable, there is a strict set of governance applied to the definition and use of extensions. Though any implementer can define an extension, there is a set of requirements that SHALL be met as part of the definition of the extension. Applications processing a resource are required to check for modifier extensions.

Modifier extensions SHALL NOT change the meaning of any elements on Resource or DomainResource (including cannot change the meaning of modifierExtension itself).","There can be no stigma associated with the use of extensions by any application, project, or standard - regardless of the institution or jurisdiction that uses or defines the extensions.  The use of extensions is what allows the FHIR specification to retain a core level of simplicity for everyone.","Modifier extensions allow for extensions that *cannot* be safely ignored to be clearly distinguished from the vast majority of extensions which can be safely ignored.  This promotes interoperability by eliminating the need for implementers to prohibit the presence of extensions. For further information, see the [definition of modifier extensions](http://hl7.org/fhir/R4/extensibility.html#modifierExtension).","","","","","","","",,,,,"",,,,"BackboneElement.modifierExtension",0,*,"","ele-1:All FHIR elements must have a @value or children {hasValue() or (children().count() > id.count())}
ext-1:Must have either extensions or value[x], not both {extension.exists() != value.exists()}","N/A"
"MedicationDispense.performer.function","MedicationDispense.performer.function","","","",0,1,"","","","CodeableConcept {[]} {[]}
","Who performed the dispense and what they did","Distinguishes the type of performer in the dispense.  For example, date enterer, packager, final checker.","","Allows disambiguation of the types of involvement of different performers.","","","","","","","",,"example","A code describing the role an individual played in dispensing a medication.","http://hl7.org/fhir/ValueSet/medicationdispense-performer-function","",,,,"MedicationDispense.performer.function",0,1,"","ele-1:All FHIR elements must have a @value or children {hasValue() or (children().count() > id.count())}
","participation[typeCode=PRF].functionCode"
"MedicationDispense.performer.actor","MedicationDispense.performer.actor","","","",1,1,"Y","","","Reference {[]} {[CanonicalType[http://hl7.org/fhir/StructureDefinition/Practitioner], CanonicalType[http://hl7.org/fhir/StructureDefinition/PractitionerRole], CanonicalType[http://hl7.org/fhir/StructureDefinition/Organization], CanonicalType[http://hl7.org/fhir/StructureDefinition/Patient], CanonicalType[http://hl7.org/fhir/StructureDefinition/Device], CanonicalType[http://hl7.org/fhir/StructureDefinition/RelatedPerson]]}
","Individual who was performing","The device, practitioner, etc. who performed the action.  It should be assumed that the actor is the dispenser of the medication.","","","","","","","","","",,,,,"",,,,"MedicationDispense.performer.actor",1,1,"","ele-1:All FHIR elements must have a @value or children {hasValue() or (children().count() > id.count())}
","Event.performer.actor",".role"
"MedicationDispense.location","MedicationDispense.location","","","",0,1,"","","","Reference {[]} {[CanonicalType[http://hl7.org/fhir/StructureDefinition/Location]]}
","Where the dispense occurred","The principal physical location where the dispense was performed.","","","","","","","","","",,,,,"",,,,"MedicationDispense.location",0,1,"","ele-1:All FHIR elements must have a @value or children {hasValue() or (children().count() > id.count())}
",".participation[typeCode=LOC].role"
"MedicationDispense.authorizingPrescription","MedicationDispense.authorizingPrescription","","","",1,*,"Y","","","Reference {[]} {[CanonicalType[http://hl7.org/fhir/StructureDefinition/MedicationRequest]]}
","Medication order that authorizes the dispense","Indicates the medication order that is being dispensed against.","Maps to basedOn in Event logical model.","","","","","","","","",,,,,"",,,,"MedicationDispense.authorizingPrescription",0,*,"","ele-1:All FHIR elements must have a @value or children {hasValue() or (children().count() > id.count())}
","Event.basedOn",".outboundRelationship[typeCode=FLFS].target[moodCode=RQO]","CombinedMedicationDispense.inFulfillmentOf","ORC-2 Placer Order Number"
"MedicationDispense.type","MedicationDispense.type","","","",1,1,"Y","","","CodeableConcept {[]} {[]}
","Trial fill, partial fill, emergency fill, etc.","Indicates the type of dispensing event that is performed. For example, Trial Fill, Completion of Trial, Partial Fill, Emergency Fill, Samples, etc.","","","","","","","","","",,"example","Indicates the type of dispensing event that is performed. For example, Trial Fill, Completion of Trial, Partial Fill, Emergency Fill, Samples, etc.","http://terminology.hl7.org/ValueSet/v3-ActPharmacySupplyType","",,,,"MedicationDispense.type",0,1,"","ele-1:All FHIR elements must have a @value or children {hasValue() or (children().count() > id.count())}
",".code","CombinedMedicationDispense.SupplyEvent.code","RXD-33-Dispense Type"
"MedicationDispense.quantity","MedicationDispense.quantity","","","",1,1,"Y","","","Quantity {[CanonicalType[http://hl7.org/fhir/StructureDefinition/SimpleQuantity]]} {[]}
","Amount dispensed","The amount of medication that has been dispensed. Includes unit of measure.","","","","","","","","","",,,,,"",,,,"MedicationDispense.quantity",0,1,"","ele-1:All FHIR elements must have a @value or children {hasValue() or (children().count() > id.count())}
",".quantity","CombinedMedicationDispense.SupplyEvent.quantity","RXD-4-Actual Dispense Amount / RXD-5.1-Actual Dispense Units.code / RXD-5.3-Actual Dispense Units.name of coding system"
"MedicationDispense.daysSupply","MedicationDispense.daysSupply","","","",1,1,"Y","","","Quantity {[CanonicalType[http://hl7.org/fhir/StructureDefinition/SimpleQuantity]]} {[]}
","Amount of medication expressed as a timing amount","The amount of medication expressed as a timing amount.","","","","","","","","","",,,,,"",,,,"MedicationDispense.daysSupply",0,1,"","ele-1:All FHIR elements must have a @value or children {hasValue() or (children().count() > id.count())}
","effectiveUseTime","TQ1.6 Timing/Quantity Segment Service Duration.Prior to v2.5, ORC.7.3 Common Order Segment / Quantity/Timing / Duration component.  This is a formatted string, first character for the time unit (e.g., D=days), followed by the value.  For example, “D14” represents “14 days supply”From v2.5 on, TQ1.6 Timing/Quantity Segment / Service Duration.  This is a CQ data type (<Quantity (NM)> ^ <Units (CWE)>), thus for days supply, assuming the unit of measure is “days”, the numeric value is TQ1.6.1 (…|14^For backwards compatibility, ORC.7 was permitted through v2.6.  Both forms (field and segment) may be present in v2.5, v2.5.1, and v2.6"
"MedicationDispense.whenPrepared","MedicationDispense.whenPrepared","","","",0,1,"","","Y","dateTime {[]} {[]}
","When product was packaged and reviewed","The time when the dispensed product was packaged and reviewed.","","","","","","","","","",,,,,"",,,,"MedicationDispense.whenPrepared",0,1,"","ele-1:All FHIR elements must have a @value or children {hasValue() or (children().count() > id.count())}
",".effectiveTime[xmi:type=IVL_TS].low","CombinedMedicationDispense.SupplyEvent.effectiveTime","RXD-3-Date/Time Dispensed"
"MedicationDispense.whenHandedOver","MedicationDispense.whenHandedOver","","","",1,1,"Y","","","dateTime {[]} {[]}
","When product was given out","The time the dispensed product was provided to the patient or their representative.","","","","","","","","","",,,,,"",,,,"MedicationDispense.whenHandedOver",0,1,"","ele-1:All FHIR elements must have a @value or children {hasValue() or (children().count() > id.count())}
","Event.occurrence[x]",".effectiveTime[xmi:type=IVL_TS].high","CombinedMedicationDispense.SupplyEvent.effectiveTime","RXD-3-Date/Time Dispensed"
"MedicationDispense.destination","MedicationDispense.destination","","","",0,1,"","","","Reference {[]} {[CanonicalType[http://hl7.org/fhir/StructureDefinition/Location]]}
","Where the medication was sent","Identification of the facility/location where the medication was shipped to, as part of the dispense event.","","","","","","","","","",,,,,"",,,,"MedicationDispense.destination",0,1,"","ele-1:All FHIR elements must have a @value or children {hasValue() or (children().count() > id.count())}
",".participation[typeCode=DST].role","CombinedMedicationDispense.SupplyEvent.destination","RXD-13 Dispense-to Location; RXD-30 Dispense to Pharmacy; RXD-31 Dispense to Pharmacy Address"
"MedicationDispense.receiver","MedicationDispense.receiver","","","",0,*,"","","","Reference {[]} {[CanonicalType[http://hl7.org/fhir/StructureDefinition/Patient], CanonicalType[http://hl7.org/fhir/StructureDefinition/Practitioner]]}
","Who collected the medication","Identifies the person who picked up the medication.  This will usually be a patient or their caregiver, but some cases exist where it can be a healthcare professional.","","","","","","","","","",,,,,"",,,,"MedicationDispense.receiver",0,*,"","ele-1:All FHIR elements must have a @value or children {hasValue() or (children().count() > id.count())}
",".participation[typeCode=RCV].role","CombinedMedicationDispense.SupplyEvent.receiver"
"MedicationDispense.note","MedicationDispense.note","","","",0,*,"","","","Annotation {[]} {[]}
","Information about the dispense","Extra information about the dispense that could not be conveyed in the other attributes.","","","","","","","","","",,,,,"",,,,"MedicationDispense.note",0,*,"","ele-1:All FHIR elements must have a @value or children {hasValue() or (children().count() > id.count())}
","Event.note",".inboundRelationship[typeCode=SUBJ]/source[classCode=ACT,moodCode=EVN]","RXD-9 Dispense Notes"
"MedicationDispense.dosageInstruction","MedicationDispense.dosageInstruction","","","",1,*,"Y","","","Dosage {[]} {[]}
","應該如何用藥","表明病人的用藥方式","在一些例子中，藥品處方可包括口服劑量或靜脈注射或肌肉注射劑量的選擇。例如：「昂丹司瓊（Ondansetron）8毫克口服或靜脈注射，每天兩次，治療噁心」或 「康帕辛® （Compazine®）【丙氯拉嗪（prochlorperazine）】5-10毫克口服（PO）或25毫克經直腸給藥（PR） 每天早、晚（飯後）1次（bid） 需要時使用（prn）噁心或嘔吐 」。在這些情況下，這兩個醫令的建立可歸為一組藥品醫令，基於病人在需要用藥時的情況決定使用哪種劑量和給藥途徑。","","","","","","","","",,,,,"",,,,"MedicationDispense.dosageInstruction",0,*,"","ele-1:All FHIR elements must have a @value or children {hasValue() or (children().count() > id.count())}
",".outboundRelationship[typeCode=COMP].target[classCode=SBADM, moodCode=INT]"
"MedicationDispense.dosageInstruction.id","MedicationDispense.dosageInstruction.id","","","",0,1,"","","","string {[]} {[]}
","唯一可識別ID，以供資料項目間相互參照。","resource中資料項目的唯一ID（用於內部參照）。這可以是任何不含空格的字串。","","","","","","","","","",,,,,"",,,,"Element.id",0,1,"","","n/a"
"MedicationDispense.dosageInstruction.extension","MedicationDispense.dosageInstruction.extension","","","",0,*,"","","","Extension {[]} {[]}
","擴充的資料項目","可用於表示不屬於此資料項目基本定義的附加資訊。為了擴充的使用安全和可管理，對擴充的定義和使用有一套嚴格的管理。儘管任何實作者都可以定義一個擴充，但作為擴充定義的一部分，有一套要求 **必須（SHALL）** 滿足。","無論使用或定義擴充的機構或管轄區，任何應用程式、專案或標準使用擴充都不背負任何汙名（stigma）。使用擴充是允許FHIR規範為每個人保留一個核心的簡易性。","","","","","","","","",,,,,"","value:url}
","Extensions are always sliced by (at least) url",,"open","Element.extension",0,*,"","ele-1:All FHIR elements must have a @value or children {hasValue() or (children().count() > id.count())}
ext-1:Must have either extensions or value[x], not both {extension.exists() != value.exists()}"
"MedicationDispense.dosageInstruction.modifierExtension","MedicationDispense.dosageInstruction.modifierExtension","","","",0,*,"","Y","Y","Extension {[]} {[]}
","此擴充的資料項目可能會完全修正或改變其他資料項目的意涵，需特別留意。","可以用來表示不屬於資料項目的基本定義的附加資訊，並且修改對它所內嵌（contained）的資料項目的理解和（或）對包含資料項目之後續使用的理解。通常，修飾用的資料項目提供否定或限定。為了使擴充的使用安全和可管理，對擴充的定義和使用有一套嚴格的管理。儘管任何實作者都可以定義一個擴充，但作為擴充定義的一部分，有一套要求 **必須（SHALL）** 滿足。處理resource的應用程式被要求檢查修飾用的擴充資料項目。 
 修飾用的擴充資料項目 **必須沒有（SHALL NOT）** 改變resource或DomainResource上任何資料項目的含義（包括不能改變modifierExtension本身的含義）。","無論使用或定義擴充的機構或管轄區，任何應用程式、專案或標準使用擴充都不背負任何汙名（stigma）。使用擴充是允許FHIR規範為每個人保留一個核心的簡易性。","修飾用的資料項目擴充將不能安全地忽略的擴充與絕大多數可以安全地忽略的擴充明確區分開來。透過消除禁止實作者擴充存在的需求來促進可互通性。更多訊息，請參見[修飾用的資料項目擴充之定義](http://hl7.org/fhir/R4/extensibility.html#modifierExtension)。","","","","","","","",,,,,"",,,,"BackboneElement.modifierExtension",0,*,"","ele-1:All FHIR elements must have a @value or children {hasValue() or (children().count() > id.count())}
ext-1:Must have either extensions or value[x], not both {extension.exists() != value.exists()}"
"MedicationDispense.dosageInstruction.sequence","MedicationDispense.dosageInstruction.sequence","","","",0,1,"","","Y","integer {[]} {[]}
","劑量指示的順序","表明使用或解釋劑量指示的順序","","如果多個劑量的序號是相同的，那麼就意味著這些指示將被視為同時進行。如果序號不同，那麼這些劑量將是依續使用。","","","","","","","",,,,,"",,,,"Dosage.sequence",0,1,"","ele-1:All FHIR elements must have a @value or children {hasValue() or (children().count() > id.count())}
",".text","TQ1-1"
"MedicationDispense.dosageInstruction.text","MedicationDispense.dosageInstruction.text","","","",0,1,"Y","","Y","string {[]} {[]}
","純文字表述的劑量指示，例如：SIG。","純文字表述的劑量指示，例如：SIG。","","純文字表述劑量指示可用於說明太複雜而無法編碼的案例。此屬性的內容不包括藥品的名稱或描述。當有已編碼的指示，純文字表述說明可能仍然存在，以顯示給服用藥品或給藥的人。文字指示預計將始終被填入。如果dosage.timing屬性也被填入，那麼dosage.text應該反映與timing相同的資訊。關於給藥或準備藥品的附加資訊應作為文字包括在內。","","","","","","","",,,,,"",,,,"Dosage.text",0,1,"","ele-1:All FHIR elements must have a @value or children {hasValue() or (children().count() > id.count())}
",".text","RXO-6; RXE-21"
"MedicationDispense.dosageInstruction.additionalInstruction","MedicationDispense.dosageInstruction.additionalInstruction","","","",0,*,"","","","CodeableConcept {[CanonicalType[https://twcore.mohw.gov.tw/ig/twcore/StructureDefinition/CodeableConcept-tw]]} {[]}
","對病人的補充指示或警告－例如：「隨餐服用」，「可能引起嗜睡」","向病人提供關於如何服藥的補充指示（例如 「隨餐服用」或「在進食前半小時服用」）或給病人的藥品警告（例如「可能導致嗜睡 」或「避免皮膚暴露於陽光直射或人工強光燈（日曬用）下」）。","應在dosage.text中填入關於用藥或準備藥品的資訊（例如： 「盡可能快地透過腹膜內口輸液」或 「在用 x 藥後立即服用」）。","附加指示是要編碼的，但在沒有編碼的情況下，此資料項目可以包括文字。例如，「用大量的水吞咽」，這可能編碼也可能不編碼。","","","","","","","",,"example","一個編碼的概念，確定額外的指示，如「與水一起服用」或「避免操作重型機器」；可參考SNOMEDCTAdditionalDosageInstructions代碼表，但此代碼表只是針對這個欄位的一個可能值的示例，不預期也不鼓勵使用者一定要使用此代碼表的代碼。","http://hl7.org/fhir/ValueSet/additional-instruction-codes","",,,,"Dosage.additionalInstruction",0,*,"ele-1
","ele-1:All FHIR elements must have a @value or children {hasValue() or (children().count() > id.count())}
","n/a","CD","CE/CNE/CWE"
"MedicationDispense.dosageInstruction.patientInstruction","MedicationDispense.dosageInstruction.patientInstruction","","","",0,1,"","","Y","string {[]} {[]}
","以病人或消費者為導向的指示","用病人或消費者能理解的術語提供指示","","","","","","","","","",,,,,"",,,,"Dosage.patientInstruction",0,1,"","ele-1:All FHIR elements must have a @value or children {hasValue() or (children().count() > id.count())}
",".text","RXO-7"
"MedicationDispense.dosageInstruction.timing","MedicationDispense.dosageInstruction.timing","","","",1,1,"Y","","Y","Timing {[]} {[]}
","應該何時給藥；時間的寫法請參照Timimg datatype。","應該何時給藥","這個屬性可能並不總是被填入，而Dosage.text預計會被填入。如果兩者都被填入，那麼Dosage.text應反映Dosage.timing的內容。","病人用藥的時間安排。這種data type允許許多不同的表達方式。例如：「每8小時一次」；「一天三次」；「從2011年12月23日開始的10天裡，早餐前半小時」；「2013年10月15日、2013年10月17日和2013年11月1日」。有時，當率值（rate）為總容量／期間，其「期間」意指（例如：500mL／2小時）之持續期間為2小時。但當率值非意指「持續期間」時（例如：250mL／小時），則需要timing.repeat.duration來表達輸液的時間區間。","","","","","","","",,,,,"",,,,"Dosage.timing",0,1,"","ele-1:All FHIR elements must have a @value or children {hasValue() or (children().count() > id.count())}
",".effectiveTime"
"MedicationDispense.dosageInstruction.timing.id","MedicationDispense.dosageInstruction.timing.id","","","",0,1,"","","","string {[]} {[]}
","唯一可識別ID，以供資料項目間相互參照。","resource中資料項目的唯一ID（用於內部參照）。這可以是任何不含空格的字串。","","","","","","","","","",,,,,"",,,,"Element.id",0,1,"","","n/a"
"MedicationDispense.dosageInstruction.timing.extension","MedicationDispense.dosageInstruction.timing.extension","","","",0,*,"","","","Extension {[]} {[]}
","擴充的資料項目","可用於表示不屬於此資料項目基本定義的附加資訊。為了擴充的使用安全和可管理，對擴充的定義和使用有一套嚴格的管理。儘管任何實作者都可以定義一個擴充，但作為擴充定義的一部分，有一套要求 **必須（SHALL）** 滿足。","無論使用或定義擴充的機構或管轄區，任何應用程式、專案或標準使用擴充都不背負任何汙名（stigma）。使用擴充是允許FHIR規範為每個人保留一個核心的簡易性。","","","","","","","","",,,,,"","value:url}
","Extensions are always sliced by (at least) url",,"open","Element.extension",0,*,"","ele-1:All FHIR elements must have a @value or children {hasValue() or (children().count() > id.count())}
ext-1:Must have either extensions or value[x], not both {extension.exists() != value.exists()}"
"MedicationDispense.dosageInstruction.timing.modifierExtension","MedicationDispense.dosageInstruction.timing.modifierExtension","","","",0,*,"","Y","Y","Extension {[]} {[]}
","此擴充的資料項目可能會完全修正或改變其他資料項目的意涵，需特別留意。","可以用來表示不屬於資料項目的基本定義的附加資訊，並且修改對它所內嵌（contained）的資料項目的理解和（或）對包含資料項目之後續使用的理解。通常，修飾用的資料項目提供否定或限定。為了使擴充的使用安全和可管理，對擴充的定義和使用有一套嚴格的管理。儘管任何實作者都可以定義一個擴充，但作為擴充定義的一部分，有一套要求 **必須（SHALL）** 滿足。處理resource的應用程式被要求檢查修飾用的擴充資料項目。 
 修飾用的擴充資料項目 **必須沒有（SHALL NOT）** 改變resource或DomainResource上任何資料項目的含義（包括不能改變modifierExtension本身的含義）。","無論使用或定義擴充的機構或管轄區，任何應用程式、專案或標準使用擴充都不背負任何汙名（stigma）。使用擴充是允許FHIR規範為每個人保留一個核心的簡易性。","修飾用的資料項目擴充將不能安全地忽略的擴充與絕大多數可以安全地忽略的擴充明確區分開來。透過消除禁止實作者擴充存在的需求來促進可互通性。更多訊息，請參見[修飾用的資料項目擴充之定義](http://hl7.org/fhir/R4/extensibility.html#modifierExtension)。","","","","","","","",,,,,"",,,,"BackboneElement.modifierExtension",0,*,"","ele-1:All FHIR elements must have a @value or children {hasValue() or (children().count() > id.count())}
ext-1:Must have either extensions or value[x], not both {extension.exists() != value.exists()}"
"MedicationDispense.dosageInstruction.timing.event","MedicationDispense.dosageInstruction.timing.event","","","",0,*,"","","Y","dateTime {[]} {[]}
","事件發生的時間","指明事件發生的特定時間","","例如：在一份用藥記錄中，你需要把一個一般的規範變成一個精確的規範。","","","","","","","",,,,,"",,,,"Timing.event",0,*,"","ele-1:All FHIR elements must have a @value or children {hasValue() or (children().count() > id.count())}
","QLIST<TS>"
"MedicationDispense.dosageInstruction.timing.repeat","MedicationDispense.dosageInstruction.timing.repeat","","","",0,1,"","","Y","Element {[]} {[]}
","事件定期重複發生的時間","一組描述事件何時被安排的規則","","定期重複的時間安排","","","","","","","",,,,,"",,,,"Timing.repeat",0,1,"","ele-1:All FHIR elements must have a @value or children {hasValue() or (children().count() > id.count())}
tim-1:if there's a duration, there needs to be duration units {duration.empty() or durationUnit.exists()}tim-2:if there's a period, there needs to be period units {period.empty() or periodUnit.exists()}tim-4:duration SHALL be a non-negative value {duration.exists() implies duration >= 0}tim-5:period SHALL be a non-negative value {period.exists() implies period >= 0}tim-6:If there's a periodMax, there must be a period {periodMax.empty() or period.exists()}tim-7:If there's a durationMax, there must be a duration {durationMax.empty() or duration.exists()}tim-8:If there's a countMax, there must be a count {countMax.empty() or count.exists()}tim-9:If there's an offset, there must be a when (and not C, CM, CD, CV) {offset.empty() or (when.exists() and ((when in ('C' | 'CM' | 'CD' | 'CV')).not()))}tim-10:If there's a timeOfDay, there cannot be a when, or vice versa {timeOfDay.empty() or when.empty()}","Implies PIVL or EIVL"
"MedicationDispense.dosageInstruction.timing.repeat.id","MedicationDispense.dosageInstruction.timing.repeat.id","","","",0,1,"","","","string {[]} {[]}
","唯一可識別ID，以供資料項目間相互參照。","resource中資料項目的唯一ID（用於內部參照）。這可以是任何不含空格的字串。","","","","","","","","","",,,,,"",,,,"Element.id",0,1,"","","n/a"
"MedicationDispense.dosageInstruction.timing.repeat.extension","MedicationDispense.dosageInstruction.timing.repeat.extension","","","",0,*,"","","","Extension {[]} {[]}
","擴充的資料項目","可用於表示不屬於此資料項目基本定義的附加資訊。為了擴充的使用安全和可管理，對擴充的定義和使用有一套嚴格的管理。儘管任何實作者都可以定義一個擴充，但作為擴充定義的一部分，有一套要求 **必須（SHALL）** 滿足。","無論使用或定義擴充的機構或管轄區，任何應用程式、專案或標準使用擴充都不背負任何汙名（stigma）。使用擴充是允許FHIR規範為每個人保留一個核心的簡易性。","","","","","","","","",,,,,"","value:url}
","Extensions are always sliced by (at least) url",,"open","Element.extension",0,*,"","ele-1:All FHIR elements must have a @value or children {hasValue() or (children().count() > id.count())}
ext-1:Must have either extensions or value[x], not both {extension.exists() != value.exists()}"
"MedicationDispense.dosageInstruction.timing.repeat.bounds[x]","MedicationDispense.dosageInstruction.timing.repeat.bounds[x]","","","",0,1,"","","Y","Duration {[]} {[]}
Range {[]} {[]}Period {[]} {[]}","時間或期間長度／長度範圍，或（開始和／或結束）限制","時間長度或可能的時間長度範圍，或開始和／或結束時間。","","","","","","","","","",,,,,"",,,,"Timing.repeat.bounds[x]",0,1,"","ele-1:All FHIR elements must have a @value or children {hasValue() or (children().count() > id.count())}
","IVL(TS) used in a QSI"
"MedicationDispense.dosageInstruction.timing.repeat.count","MedicationDispense.dosageInstruction.timing.repeat.count","","","",0,1,"","","Y","positiveInt {[]} {[]}
","重複的次數","在整個持續期間內，期望重複的總次數。如果countMax這個資料項目存在，此count資料項目表示允許次數範圍的下限。","如果你同時擁有bounds和count這兩個資料項目，那麼這應該被理解為在bounds期間，發生count的次數。","重複次數可透過設定結束時間或總發生次數作限制","","","","","","","",,,,,"",,,,"Timing.repeat.count",0,1,"","ele-1:All FHIR elements must have a @value or children {hasValue() or (children().count() > id.count())}
","PIVL.count"
"MedicationDispense.dosageInstruction.timing.repeat.countMax","MedicationDispense.dosageInstruction.timing.repeat.countMax","","","",0,1,"","","Y","positiveInt {[]} {[]}
","重複的最大次數","如果countMax存在，表示count是一個範圍，如此可在［count］和［countMax］之間的重複次數執行動作。","","","","","","","","","",,,,,"",,,,"Timing.repeat.countMax",0,1,"","ele-1:All FHIR elements must have a @value or children {hasValue() or (children().count() > id.count())}
","PIVL.count"
"MedicationDispense.dosageInstruction.timing.repeat.duration","MedicationDispense.dosageInstruction.timing.repeat.duration","","","",0,1,"","","Y","decimal {[]} {[]}
","此事件持續多久時間","這件事發生的時候會持續多久時間。如果durationMax這個資料項目存在，則此duration資料項目表示持續時間的允許範圍之下限。","對於一些事件，持續時間是事件定義的一部分（例如：靜脈輸液，持續時間隱含於特定輸液量及速度）。對於其他事件，它是時間規範的一部分（例如：運動持續時間）。","有些活動不是立即發生，需要維持一段時間。","","","","","","","",,,,,"",,,,"Timing.repeat.duration",0,1,"","ele-1:All FHIR elements must have a @value or children {hasValue() or (children().count() > id.count())}
","PIVL.phase"
"MedicationDispense.dosageInstruction.timing.repeat.durationMax","MedicationDispense.dosageInstruction.timing.repeat.durationMax","","","",0,1,"","","Y","decimal {[]} {[]}
","此事件持續多久時間 （最長時間／最大值）","如果durationMax這個資料項目存在，表示duration資料項目是一個範圍的下限 — 所以要在［duration］和［durationMax］之間執行此活動。","對於一些事件，持續時間是事件定義的一部分（例如：靜脈輸液，持續時間隱含於特定輸液量及速度）。對於其他事件，它是時間規範的一部分（例如：運動持續時間）。","有些活動不是立即發生，需要維持一段時間。","","","","","","","",,,,,"",,,,"Timing.repeat.durationMax",0,1,"","ele-1:All FHIR elements must have a @value or children {hasValue() or (children().count() > id.count())}
","PIVL.phase"
"MedicationDispense.dosageInstruction.timing.repeat.durationUnit","MedicationDispense.dosageInstruction.timing.repeat.durationUnit","","","",0,1,"","","Y","code {[]} {[]}
","s ｜ min ｜ h ｜ d ｜ wk ｜ mo ｜ a - 單位時間 （unit of time，UCUM）","持續時間的單位，以UCUM為單位。","","","","","","","","","",,"required","時間的單位（單位來自UCUM）；應填入UnitsOfTime代碼表中的其中一個代碼","http://hl7.org/fhir/ValueSet/units-of-time|4.0.1","",,,,"Timing.repeat.durationUnit",0,1,"","ele-1:All FHIR elements must have a @value or children {hasValue() or (children().count() > id.count())}
","PIVL.phase.unit"
"MedicationDispense.dosageInstruction.timing.repeat.frequency","MedicationDispense.dosageInstruction.timing.repeat.frequency","","","",0,1,"","","Y","positiveInt {[]} {[]}
","此事件於每一期間的發生頻率","在特定期間內重複動作的次數。如果frequencyMax存在，此frequency資料項目表示頻率的允許範圍的下限。","","","","If no frequency is stated, the assumption is that the event occurs once per period, but systems SHOULD always be specific about this","","","","","",,,,,"",,,,"Timing.repeat.frequency",0,1,"","ele-1:All FHIR elements must have a @value or children {hasValue() or (children().count() > id.count())}
","PIVL.phase"
"MedicationDispense.dosageInstruction.timing.repeat.frequencyMax","MedicationDispense.dosageInstruction.timing.repeat.frequencyMax","","","",0,1,"","","Y","positiveInt {[]} {[]}
","此事件於每一期間的最大發生頻率","如果frequencyMax存在，frequency資料項目表示頻率範圍的下限 – 所以要在［frequency］和［frequencyMax］之間重複執行此活動。","","","","","","","","","",,,,,"",,,,"Timing.repeat.frequencyMax",0,1,"","ele-1:All FHIR elements must have a @value or children {hasValue() or (children().count() > id.count())}
","PIVL.phase"
"MedicationDispense.dosageInstruction.timing.repeat.period","MedicationDispense.dosageInstruction.timing.repeat.period","","","",0,1,"","","Y","decimal {[]} {[]}
","此事件於特定時間區間所發生的頻率","表示重複發生的時間區間；例如：為了表示「每天3次」，3次是頻率（frequency），1天是週期（period）。如果存在periodMax資料項目，此period資料項目表示時間區間長度的允許範圍的下限。","","","","","","","","","",,,,,"",,,,"Timing.repeat.period",0,1,"","ele-1:All FHIR elements must have a @value or children {hasValue() or (children().count() > id.count())}
","PIVL.phase"
"MedicationDispense.dosageInstruction.timing.repeat.periodMax","MedicationDispense.dosageInstruction.timing.repeat.periodMax","","","",0,1,"","","Y","decimal {[]} {[]}
","時間區間的上限（3-4小時）","如果periodMax存在，表示時間區間是一個從［period］到［periodMax］的範圍，允許表達像是「每3至5天一次」的概念。","","","","","","","","","",,,,,"",,,,"Timing.repeat.periodMax",0,1,"","ele-1:All FHIR elements must have a @value or children {hasValue() or (children().count() > id.count())}
","PIVL.phase"
"MedicationDispense.dosageInstruction.timing.repeat.periodUnit","MedicationDispense.dosageInstruction.timing.repeat.periodUnit","","","",0,1,"","","Y","code {[]} {[]}
","s ｜ min ｜ h ｜ d ｜ wk ｜ mo ｜ a - 單位時間 （unit of time，UCUM）","持續時間的單位，以UCUM為單位。","","","","","","","","","",,"required","時間的單位（單位來自UCUM）；應填入UnitsOfTime代碼表中的其中一個代碼","http://hl7.org/fhir/ValueSet/units-of-time|4.0.1","",,,,"Timing.repeat.periodUnit",0,1,"","ele-1:All FHIR elements must have a @value or children {hasValue() or (children().count() > id.count())}
","PIVL.phase.unit"
"MedicationDispense.dosageInstruction.timing.repeat.dayOfWeek","MedicationDispense.dosageInstruction.timing.repeat.dayOfWeek","","","",0,*,"","","Y","code {[]} {[]}
","mon ｜ tue ｜ wed ｜ thu ｜ fri ｜ sat ｜ sun","如果提供的資訊為一星期中的一天或多天，那麼此活動只發生在這特定的幾天。","如果沒有指定天數，則假定該活動每天都會發生，否則就會指定。資料項目frequency和period不能與dayOfWeek同時使用。","","","","","","","","",,"required","應填入DaysOfWeek代碼表中的其中一個代碼","http://hl7.org/fhir/ValueSet/days-of-week|4.0.1","",,,,"Timing.repeat.dayOfWeek",0,*,"","ele-1:All FHIR elements must have a @value or children {hasValue() or (children().count() > id.count())}
","n/a"
"MedicationDispense.dosageInstruction.timing.repeat.timeOfDay","MedicationDispense.dosageInstruction.timing.repeat.timeOfDay","","","",0,*,"","","Y","time {[]} {[]}
","一天中的活動時間","具體說明一天中活動進行的時間","當指定了一天中的時間時，就會推斷出該活動每天都會在指定的時間發生（由dayofWeek篩選）。資料項目when、frequency和period不能和timeOfDay一起使用。","","","","","","","","",,,,,"",,,,"Timing.repeat.timeOfDay",0,*,"","ele-1:All FHIR elements must have a @value or children {hasValue() or (children().count() > id.count())}
","n/a"
"MedicationDispense.dosageInstruction.timing.repeat.when","MedicationDispense.dosageInstruction.timing.repeat.when","","","",0,*,"","","Y","code {[]} {[]}
","事件發生的時間區間之代碼","一天中的一個大致時段，可能與日常生活中的某一事件有關，表明該活動應在何時發生。","當一個以上的事件被列出，則此事件被綁定至合併的數個特定事件。","時間經常由特定事件的發生所決定，例如：起床、吃飯和睡覺。","","","","","","","",,"required","與時程表有關的真實世界事件；應填入EventTiming代碼表中的其中一個代碼","http://hl7.org/fhir/ValueSet/event-timing|4.0.1","",,,,"Timing.repeat.when",0,*,"","ele-1:All FHIR elements must have a @value or children {hasValue() or (children().count() > id.count())}
","EIVL.event"
"MedicationDispense.dosageInstruction.timing.repeat.offset","MedicationDispense.dosageInstruction.timing.repeat.offset","","","",0,1,"","","Y","unsignedInt {[]} {[]}
","事件的分鐘數（之前或之後）","距離特定事件發生的分鐘數。如果事件代碼沒有表明該分鐘是在事件之前還是之後，則假定該offset是指特定事件發生後的分鐘數。","","","","","","","","","",,,,,"",,,,"Timing.repeat.offset",0,1,"","ele-1:All FHIR elements must have a @value or children {hasValue() or (children().count() > id.count())}
","EIVL.offset"
"MedicationDispense.dosageInstruction.timing.code","MedicationDispense.dosageInstruction.timing.code","","","",0,1,"Y","","","CodeableConcept {[CanonicalType[https://twcore.mohw.gov.tw/ig/twcore/StructureDefinition/CodeableConcept-tw]]} {[]}
","BID ｜ TID ｜ QID ｜ AM ｜ PM ｜ QD ｜ QOD ｜ +","活動發生時機之代碼（或只是code.text中的文字）。像是BID的一些代碼到處都有，但許多機構定義它們自己的額外代碼。如果提供了一個代碼，此代碼被理解為是結構化時間資料中規定的任何內容的完整陳述，代碼或資料都可用於解釋時機（Timing），但.repeat.bounds適用於代碼（且不包含在代碼中）的例外。","BID等被定義為「在機構特定的時間」。例如：一個機構可以選擇BID是 「總是在早上7點和下午6點」。如果這種選項是不合適的，就不應該使用代碼BID。反之，應使用一個獨特的機構特定代碼來代替HL7定義的BID代碼和／或使用一個結構化表示法（在這種情況下，具體說明兩個事件時間）。","","","","","","","","",,"preferred","已知／確定的時間模式之代碼；鼓勵使用TimingAbbreviation代碼表中的代碼， 但不強制一定要使用此代碼表，你也可使用其他代碼表的代碼或單純以文字表示。","http://hl7.org/fhir/ValueSet/timing-abbreviation","",,,,"Timing.code",0,1,"ele-1
","ele-1:All FHIR elements must have a @value or children {hasValue() or (children().count() > id.count())}
","n/a","CD","CE/CNE/CWE"
"MedicationDispense.dosageInstruction.timing.code.id","MedicationDispense.dosageInstruction.timing.code.id","","","",0,1,"","","","string {[]} {[]}
","唯一可識別ID，以供資料項目間相互參照。","resource中資料項目的唯一ID（用於內部參照）。這可以是任何不含空格的字串。","","","","","","","","","",,,,,"",,,,"Element.id",0,1,"","","n/a"
"MedicationDispense.dosageInstruction.timing.code.extension","MedicationDispense.dosageInstruction.timing.code.extension","","","",0,*,"","","","Extension {[]} {[]}
","Extension","可用於表示不屬於此資料項目基本定義的附加資訊。為了擴充的使用安全和可管理，對擴充的定義和使用有一套嚴格的管理。儘管任何實作者都可以定義一個擴充，但作為擴充定義的一部分，有一套要求 **必須（SHALL）** 滿足。","無論使用或定義擴充的機構或管轄區，任何應用程式、專案或標準使用擴充都不背負任何汙名（stigma）。使用擴充是允許FHIR規範為每個人保留一個核心的簡易性。","","","","","","","","",,,,,"","value:url}
","Extensions are always sliced by (at least) url",,"open","Element.extension",0,*,"","ele-1:All FHIR elements must have a @value or children {hasValue() or (children().count() > id.count())}
ext-1:Must have either extensions or value[x], not both {extension.exists() != value.exists()}"
"MedicationDispense.dosageInstruction.timing.code.coding","MedicationDispense.dosageInstruction.timing.code.coding","","","",1,1,"Y","","","Coding {[CanonicalType[https://twcore.mohw.gov.tw/ig/twcore/StructureDefinition/Coding-tw]]} {[]}
","由專門術語系統（terminology system）定義的代碼","由專門術語系統（terminology system）所定義之代碼的參照","代碼可以在列舉清單（enumerations）或代碼清單（code lists）中非常隨意地定義，直至有非常正式的定義，例如：SNOMED CT—更多資訊見HL7 v3核心原則（Core Principles ）。編碼的排序是未定義的因而 **必須沒有（SHALL NOT）** 被用來推斷意義。一般來說，最多只有一個編碼值（coding values）會被標記為UserSelected = true。","允許代碼系統中的替代編碼，以及翻譯到其他編碼系統。","","","","","","","",,,,,"","pattern:$this}
","",,"open","CodeableConcept.coding",0,*,"ele-1
","ele-1:All FHIR elements must have a @value or children {hasValue() or (children().count() > id.count())}
","n/a","CV","CE/CNE/CWE subset one of the sets of component 1-3 or 4-6"
"MedicationDispense.dosageInstruction.timing.code.text","MedicationDispense.dosageInstruction.timing.code.text","","","",0,1,"Y","","Y","string {[]} {[]}
","概念的文字標記法","輸入資料的使用者所見／所選／所說的人類可讀文字表述，和（或）其代表使用者的預期含義。","很多時候，此文字表述與其中一個代碼的顯示名稱相同。","專門術語中的代碼並不總是能捕捉人類使用的細微差別的正確意義，或者根本就沒有合適的代碼；這些情況下，文字表述被用來捕捉來源的全部意義。","","","","","","","",,,,,"",,,,"CodeableConcept.text",0,1,"","ele-1:All FHIR elements must have a @value or children {hasValue() or (children().count() > id.count())}
","./originalText[mediaType/code=""text/plain""]/data","C*E.9. But note many systems use C*E.2 for this"
"MedicationDispense.dosageInstruction.asNeeded[x]","MedicationDispense.dosageInstruction.asNeeded[x]","","","",0,1,"","","Y","boolean {[]} {[]}
CodeableConcept {[CanonicalType[https://twcore.mohw.gov.tw/ig/twcore/StructureDefinition/CodeableConcept-tw]]} {[]}","「根據（對x的）需要」服用
Binding：一個編碼概念，指明在服用或用藥之前應滿足或評估的先決條件。例如：「疼痛」、「性行為前30分鐘」、「發作時」等；可參考SNOMEDCTMedicationAsNeededReasonCodes代碼表，但此代碼表只是針對這個欄位的一個可能值的示例，不預期也不鼓勵使用者一定要使用此代碼表的代碼。","表明此藥品是否只在需要時在特定的用法（Boolean選項）服用，或者表明服用此藥品（CodeableConcept）的前提條件。","可以透過設定Boolean = True來表達不用填寫理由的「根據需要」。在這種情況下，CodeableConcept不會被填入任何值。或者你可以透過包括CodeableConcept來表達 「根據需要」的理由。在這種情況下，Boolean值被假定為True。如果您將Boolean值設置為「False」，那麼該劑量是根據時間表給予的，而不是 「prn」或 「根據需要」。","","","","","","","","",,"example","一個編碼概念，指明在服用或用藥之前應滿足或評估的先決條件。例如：「疼痛」、「性行為前30分鐘」、「發作時」等；可參考SNOMEDCTMedicationAsNeededReasonCodes代碼表，但此代碼表只是針對這個欄位的一個可能值的示例，不預期也不鼓勵使用者一定要使用此代碼表的代碼。","http://hl7.org/fhir/ValueSet/medication-as-needed-reason","",,,,"Dosage.asNeeded[x]",0,1,"","ele-1:All FHIR elements must have a @value or children {hasValue() or (children().count() > id.count())}
",".outboundRelationship[typeCode=PRCN].target[classCode=OBS, moodCode=EVN, code=""as needed""].value=boolean or codable concept","TQ1-9"
"MedicationDispense.dosageInstruction.site","MedicationDispense.dosageInstruction.site","","","",0,1,"","","","CodeableConcept {[CanonicalType[https://twcore.mohw.gov.tw/ig/twcore/StructureDefinition/CodeableConcept-tw]]} {[]}
","用藥之身體部位","用藥的身體部位","如果使用案例需要BodySite resource的屬性（例如：分別識別和追蹤），那麼就使用標準extension bodySite。可以是一個摘要代碼，也可以是對一個非常精確的位置定義的參照，或者兩者都是。","對藥品首次進入之人體解剖部位的編碼說明","","","","","","","",,"example","一個編碼概念，描述藥品進入或在身體上的位置；可參考SNOMEDCTAnatomicalStructureForAdministrationSiteCodes代碼表，但此代碼表只是針對這個欄位的一個可能值的示例，不預期也不鼓勵使用者一定要使用此代碼表的代碼。","http://hl7.org/fhir/ValueSet/approach-site-codes","",,,,"Dosage.site",0,1,"ele-1
","ele-1:All FHIR elements must have a @value or children {hasValue() or (children().count() > id.count())}
","n/a","CD","CE/CNE/CWE"
"MedicationDispense.dosageInstruction.route","MedicationDispense.dosageInstruction.route","","","",1,1,"Y","","","CodeableConcept {[CanonicalType[https://twcore.mohw.gov.tw/ig/twcore/StructureDefinition/CodeableConcept-tw]]} {[]}
","藥品應如何進入體內","藥品應如何進入體內","Not all terminology uses fit this general pattern. In some cases, models should not use CodeableConcept and use Coding directly and provide their own structure for managing text, codings, translations and the relationship between elements and pre- and post-coordination.","具體說明治療劑進入或到達病人體內的途徑或生理途徑之代碼","","","","","","","",,"example","一個編碼概念，描述治療劑進入或在受試者體內的用藥途徑或生理途徑；可參考SNOMEDCTRouteCodes代碼表，但此代碼表只是針對這個欄位的一個可能值的示例，不預期也不鼓勵使用者一定要使用此代碼表的代碼。","http://hl7.org/fhir/ValueSet/route-codes","",,,,"Dosage.route",0,1,"ele-1
","ele-1:All FHIR elements must have a @value or children {hasValue() or (children().count() > id.count())}
","n/a","CD","CE/CNE/CWE"
"MedicationDispense.dosageInstruction.route.id","MedicationDispense.dosageInstruction.route.id","","","",0,1,"","","","string {[]} {[]}
","唯一可識別ID，以供資料項目間相互參照。","resource中資料項目的唯一ID（用於內部參照）。這可以是任何不含空格的字串。","","","","","","","","","",,,,,"",,,,"Element.id",0,1,"","","n/a"
"MedicationDispense.dosageInstruction.route.extension","MedicationDispense.dosageInstruction.route.extension","","","",0,*,"","","","Extension {[]} {[]}
","Extension","可用於表示不屬於此資料項目基本定義的附加資訊。為了擴充的使用安全和可管理，對擴充的定義和使用有一套嚴格的管理。儘管任何實作者都可以定義一個擴充，但作為擴充定義的一部分，有一套要求 **必須（SHALL）** 滿足。","無論使用或定義擴充的機構或管轄區，任何應用程式、專案或標準使用擴充都不背負任何汙名（stigma）。使用擴充是允許FHIR規範為每個人保留一個核心的簡易性。","","","","","","","","",,,,,"","value:url}
","Extensions are always sliced by (at least) url",,"open","Element.extension",0,*,"","ele-1:All FHIR elements must have a @value or children {hasValue() or (children().count() > id.count())}
ext-1:Must have either extensions or value[x], not both {extension.exists() != value.exists()}"
"MedicationDispense.dosageInstruction.route.coding","MedicationDispense.dosageInstruction.route.coding","","","",1,1,"Y","","","Coding {[CanonicalType[https://twcore.mohw.gov.tw/ig/twcore/StructureDefinition/Coding-tw]]} {[]}
","由專門術語系統（terminology system）定義的代碼","由專門術語系統（terminology system）所定義之代碼的參照","代碼可以在列舉清單（enumerations）或代碼清單（code lists）中非常隨意地定義，直至有非常正式的定義，例如：SNOMED CT—更多資訊見HL7 v3核心原則（Core Principles ）。編碼的排序是未定義的因而 **必須沒有（SHALL NOT）** 被用來推斷意義。一般來說，最多只有一個編碼值（coding values）會被標記為UserSelected = true。","允許代碼系統中的替代編碼，以及翻譯到其他編碼系統。","","","","","","","",,,,,"","pattern:$this}
","",,"open","CodeableConcept.coding",0,*,"ele-1
","ele-1:All FHIR elements must have a @value or children {hasValue() or (children().count() > id.count())}
","n/a","CV","CE/CNE/CWE subset one of the sets of component 1-3 or 4-6"
"MedicationDispense.dosageInstruction.route.text","MedicationDispense.dosageInstruction.route.text","","","",0,1,"Y","","Y","string {[]} {[]}
","概念的文字標記法","輸入資料的使用者所見／所選／所說的人類可讀文字表述，和（或）其代表使用者的預期含義。","很多時候，此文字表述與其中一個代碼的顯示名稱相同。","專門術語中的代碼並不總是能捕捉人類使用的細微差別的正確意義，或者根本就沒有合適的代碼；這些情況下，文字表述被用來捕捉來源的全部意義。","","","","","","","",,,,,"",,,,"CodeableConcept.text",0,1,"","ele-1:All FHIR elements must have a @value or children {hasValue() or (children().count() > id.count())}
","./originalText[mediaType/code=""text/plain""]/data","C*E.9. But note many systems use C*E.2 for this"
"MedicationDispense.dosageInstruction.method","MedicationDispense.dosageInstruction.method","","","",0,1,"","","","CodeableConcept {[CanonicalType[https://twcore.mohw.gov.tw/ig/twcore/StructureDefinition/CodeableConcept-tw]]} {[]}
","用藥的技術","用藥的技術","使用的專門術語通常先組合配對（pre-coordinate）用藥途徑和／或劑型。","表示藥品進入或進入身體的方法的一個編碼值。最常用的方法為注射。例如：慢推、深靜脈。","","","","","","","",,"example","一個編碼概念，描述用藥的技術；可參考SNOMEDCTAdministrationMethodCodes代碼表，但此代碼表只是針對這個欄位的一個可能值的示例，不預期也不鼓勵使用者一定要使用此代碼表的代碼。","http://hl7.org/fhir/ValueSet/administration-method-codes","",,,,"Dosage.method",0,1,"ele-1
","ele-1:All FHIR elements must have a @value or children {hasValue() or (children().count() > id.count())}
","n/a","CD","CE/CNE/CWE"
"MedicationDispense.dosageInstruction.doseAndRate","MedicationDispense.dosageInstruction.doseAndRate","","","",0,*,"","","Y","Element {[]} {[]}
","用藥量","用藥量","","","","","","","","","",,,,,"",,,,"Dosage.doseAndRate",0,*,"","ele-1:All FHIR elements must have a @value or children {hasValue() or (children().count() > id.count())}
","TQ1-2"
"MedicationDispense.dosageInstruction.doseAndRate.id","MedicationDispense.dosageInstruction.doseAndRate.id","","","",0,1,"","","","string {[]} {[]}
","唯一可識別ID，以供資料項目間相互參照。","resource中資料項目的唯一ID（用於內部參照）。這可以是任何不含空格的字串。","","","","","","","","","",,,,,"",,,,"Element.id",0,1,"","","n/a"
"MedicationDispense.dosageInstruction.doseAndRate.extension","MedicationDispense.dosageInstruction.doseAndRate.extension","","","",0,*,"","","","Extension {[]} {[]}
","擴充的資料項目","可用於表示不屬於此資料項目基本定義的附加資訊。為了擴充的使用安全和可管理，對擴充的定義和使用有一套嚴格的管理。儘管任何實作者都可以定義一個擴充，但作為擴充定義的一部分，有一套要求 **必須（SHALL）** 滿足。","無論使用或定義擴充的機構或管轄區，任何應用程式、專案或標準使用擴充都不背負任何汙名（stigma）。使用擴充是允許FHIR規範為每個人保留一個核心的簡易性。","","","","","","","","",,,,,"","value:url}
","Extensions are always sliced by (at least) url",,"open","Element.extension",0,*,"","ele-1:All FHIR elements must have a @value or children {hasValue() or (children().count() > id.count())}
ext-1:Must have either extensions or value[x], not both {extension.exists() != value.exists()}"
"MedicationDispense.dosageInstruction.doseAndRate.type","MedicationDispense.dosageInstruction.doseAndRate.type","","","",0,1,"","","","CodeableConcept {[CanonicalType[https://twcore.mohw.gov.tw/ig/twcore/StructureDefinition/CodeableConcept-tw]]} {[]}
","特定劑量或比率種類","特定劑量或比率種類，例如：依處方或計算而來。","Not all terminology uses fit this general pattern. In some cases, models should not use CodeableConcept and use Coding directly and provide their own structure for managing text, codings, translations and the relationship between elements and pre- and post-coordination.","如果此type資料項目沒有被填入，則假定為「依處方（ordered）」。","","","","","","","",,"example","可參考DoseAndRateType代碼表，但此代碼表只是針對這個欄位的一個可能值的示例，不預期也不鼓勵使用者一定要使用此代碼表的代碼。","http://hl7.org/fhir/ValueSet/dose-rate-type","",,,,"Dosage.doseAndRate.type",0,1,"ele-1
","ele-1:All FHIR elements must have a @value or children {hasValue() or (children().count() > id.count())}
","n/a","CD","CE/CNE/CWE"
"MedicationDispense.dosageInstruction.doseAndRate.dose[x]","MedicationDispense.dosageInstruction.doseAndRate.dose[x]","","","",0,1,"","","Y","Range {[]} {[]}
Quantity {[CanonicalType[http://hl7.org/fhir/StructureDefinition/SimpleQuantity]]} {[]}","每一劑量的藥量","每一劑量的藥量","請注意這是指特定藥品量，而不是指每種有效成分量。每種成分量都可以在Medication resource中進行溝通。例如：如果想表達一錠375毫克的藥錠，劑量是一錠，你可以使用Medication resource來記錄此藥錠是由375毫克的藥物XYZ組成。或者，如果劑量是375毫克，那麼你可能只需要使用Medication resource來表明這是藥錠。如果是靜脈注射，例如：多巴胺，你想表明400毫克多巴胺被混合在500毫升的靜脈注射液中，那麼這些都將在Medication resource中呈現。如果用藥不打算是即時的（速率是存在的，或者時間是有期限的），這可具體說明以傳達在時間表所指示的時段之總用藥量，例如：500毫升的劑量應該在4小時內完成。","在一次用藥事件中給予的治療用或其他的物質量","","","","","","","",,,,,"",,,,"Dosage.doseAndRate.dose[x]",0,1,"","ele-1:All FHIR elements must have a @value or children {hasValue() or (children().count() > id.count())}
",".doseQuantity","RXO-2, RXE-3"
"MedicationDispense.dosageInstruction.doseAndRate.rate[x]","MedicationDispense.dosageInstruction.doseAndRate.rate[x]","","","",0,1,"","","Y","Ratio {[]} {[]}
Range {[]} {[]}Quantity {[CanonicalType[http://hl7.org/fhir/StructureDefinition/SimpleQuantity]]} {[]}","每時間單位內的用藥量","每時間單位內的用藥量","可同時提供rate和doseQuantity，以提供關於如何用藥和供應藥品的全部細節。如果速率打算隨著時間的推移而改變，根據當地的規則／法規，每次改變都應作為帶有更新速率的新版MedicationRequest來捕捉，或者用帶有新速率的新的MedicationRequest來捕捉。可以使用rateRatio和rateQuantity來指定一段時間內的比率（例如：100毫升／小時）。rateQuantity的方式要求系統有能力解析包含毫升／小時的UCUM語法，而不是將時間指定為分母的特定比率。如果指定了一個2小時500毫升的率值，使用rateRatio可能比使用rateQuantity指定250毫克／小時在語義上更正確。","指明藥品引入病人體內的速度。通常是指輸液的速度，例如：每1小時100毫升或100毫升／小時。也可表示為每單位時間的速度，例如：每2小時500毫升，其他例子如200微克／分鐘或200微克／1分鐘；1升／8小時。有時，當表示為總容量／持續時間時，速率可以隱喻持續時間（例如：500毫升／2小時隱喻持續時間為2小時）。然而，當速率未隱喻持續時間時（例如：250毫升／小時），則需要timing.repeat.duration來表達輸液的時間區間。","","","","","","","",,,,,"",,,,"Dosage.doseAndRate.rate[x]",0,1,"","ele-1:All FHIR elements must have a @value or children {hasValue() or (children().count() > id.count())}
",".rateQuantity","RXE22, RXE23, RXE-24"
"MedicationDispense.dosageInstruction.maxDosePerPeriod","MedicationDispense.dosageInstruction.maxDosePerPeriod","","","",0,1,"","","Y","Ratio {[]} {[]}
","每時間單位內用藥的上限","每時間單位內用藥的上限","這是為了在有上限的情況下作為劑量的輔助說明。例如：「每4小時2錠，一天最多8錠」。","在一段時間區間用於某一對象的治療用物質之最大總量。例如：24小時內1,000毫克。","","","","","","","",,,,,"",,,,"Dosage.maxDosePerPeriod",0,1,"","ele-1:All FHIR elements must have a @value or children {hasValue() or (children().count() > id.count())}
",".maxDoseQuantity","RXO-23, RXE-19"
"MedicationDispense.dosageInstruction.maxDosePerAdministration","MedicationDispense.dosageInstruction.maxDosePerAdministration","","","",0,1,"","","Y","Quantity {[CanonicalType[http://hl7.org/fhir/StructureDefinition/SimpleQuantity]]} {[]}
","每次用藥的上限","每次用藥的上限","這是為了在有上限的情況下作為劑量的輔助說明。例如：與體表面積有關的劑量有一個上限，如在5至10分鐘內靜脈注射1.5毫克／平方米（最多2毫克），其doseQuantity為1.5毫克／平方米，maxDosePerAdministration為2毫克。","每次用於某一對象治療用物質的最大總量","","","","","","","",,,,,"",,,,"Dosage.maxDosePerAdministration",0,1,"","ele-1:All FHIR elements must have a @value or children {hasValue() or (children().count() > id.count())}
","not supported"
"MedicationDispense.dosageInstruction.maxDosePerLifetime","MedicationDispense.dosageInstruction.maxDosePerLifetime","","","",0,1,"","","Y","Quantity {[CanonicalType[http://hl7.org/fhir/StructureDefinition/SimpleQuantity]]} {[]}
","病人一生中用藥的上限","病人一生中用藥的上限","","用於某一對象的治療用物質於其一生的最大總數量","","","","","","","",,,,,"",,,,"Dosage.maxDosePerLifetime",0,1,"","ele-1:All FHIR elements must have a @value or children {hasValue() or (children().count() > id.count())}
","not supported"
"MedicationDispense.substitution","MedicationDispense.substitution","","","",0,1,"","","","BackboneElement {[]} {[]}
","Whether a substitution was performed on the dispense","Indicates whether or not substitution was made as part of the dispense.  In some cases, substitution will be expected but does not happen, in other cases substitution is not expected but does happen.  This block explains what substitution did or did not happen and why.  If nothing is specified, substitution was not done.","","","","","","","","","",,,,,"",,,,"MedicationDispense.substitution",0,1,"","ele-1:All FHIR elements must have a @value or children {hasValue() or (children().count() > id.count())}
",".outboundRelationship[typeCode=COMP].target[classCode=SUBST, moodCode=EVN]","CombinedMedicationDispense.substitutionMade"
"MedicationDispense.substitution.id","MedicationDispense.substitution.id","","","",0,1,"","","","string {[]} {[]}
","Unique id for inter-element referencing","Unique id for the element within a resource (for internal references). This may be any string value that does not contain spaces.","","","","","","","","","",,,,,"",,,,"Element.id",0,1,"","","n/a"
"MedicationDispense.substitution.extension","MedicationDispense.substitution.extension","","extensions
user content","",0,*,"","","","Extension {[]} {[]}
","Additional content defined by implementations","May be used to represent additional information that is not part of the basic definition of the element. To make the use of extensions safe and manageable, there is a strict set of governance  applied to the definition and use of extensions. Though any implementer can define an extension, there is a set of requirements that SHALL be met as part of the definition of the extension.","There can be no stigma associated with the use of extensions by any application, project, or standard - regardless of the institution or jurisdiction that uses or defines the extensions.  The use of extensions is what allows the FHIR specification to retain a core level of simplicity for everyone.","","","","","","","","",,,,,"",,,,"Element.extension",0,*,"","ele-1:All FHIR elements must have a @value or children {hasValue() or (children().count() > id.count())}
ext-1:Must have either extensions or value[x], not both {extension.exists() != value.exists()}","n/a"
"MedicationDispense.substitution.modifierExtension","MedicationDispense.substitution.modifierExtension","","extensions
user contentmodifiers","",0,*,"","Y","Y","Extension {[]} {[]}
","Extensions that cannot be ignored even if unrecognized","May be used to represent additional information that is not part of the basic definition of the element and that modifies the understanding of the element in which it is contained and/or the understanding of the containing element's descendants. Usually modifier elements provide negation or qualification. To make the use of extensions safe and manageable, there is a strict set of governance applied to the definition and use of extensions. Though any implementer can define an extension, there is a set of requirements that SHALL be met as part of the definition of the extension. Applications processing a resource are required to check for modifier extensions.

Modifier extensions SHALL NOT change the meaning of any elements on Resource or DomainResource (including cannot change the meaning of modifierExtension itself).","There can be no stigma associated with the use of extensions by any application, project, or standard - regardless of the institution or jurisdiction that uses or defines the extensions.  The use of extensions is what allows the FHIR specification to retain a core level of simplicity for everyone.","Modifier extensions allow for extensions that *cannot* be safely ignored to be clearly distinguished from the vast majority of extensions which can be safely ignored.  This promotes interoperability by eliminating the need for implementers to prohibit the presence of extensions. For further information, see the [definition of modifier extensions](http://hl7.org/fhir/R4/extensibility.html#modifierExtension).","","","","","","","",,,,,"",,,,"BackboneElement.modifierExtension",0,*,"","ele-1:All FHIR elements must have a @value or children {hasValue() or (children().count() > id.count())}
ext-1:Must have either extensions or value[x], not both {extension.exists() != value.exists()}","N/A"
"MedicationDispense.substitution.wasSubstituted","MedicationDispense.substitution.wasSubstituted","","","",1,1,"","","","boolean {[]} {[]}
","Whether a substitution was or was not performed on the dispense","True if the dispenser dispensed a different drug or product from what was prescribed.","","","","","","","","","",,,,,"",,,,"MedicationDispense.substitution.wasSubstituted",1,1,"","ele-1:All FHIR elements must have a @value or children {hasValue() or (children().count() > id.count())}
",".actionNegationInd"
"MedicationDispense.substitution.type","MedicationDispense.substitution.type","","","",0,1,"","","","CodeableConcept {[]} {[]}
","Code signifying whether a different drug was dispensed from what was prescribed","A code signifying whether a different drug was dispensed from what was prescribed.","","","","","","","","","",,"example","A coded concept describing whether a different medicinal product may be dispensed other than the product as specified exactly in the prescription.","http://terminology.hl7.org/ValueSet/v3-ActSubstanceAdminSubstitutionCode","",,,,"MedicationDispense.substitution.type",0,1,"","ele-1:All FHIR elements must have a @value or children {hasValue() or (children().count() > id.count())}
",".code","CombinedMedicationDispense.substitutionMade.code","RXO-9-Allow Substitutions / RXE-9-Substitution Status"
"MedicationDispense.substitution.reason","MedicationDispense.substitution.reason","","","",0,*,"","","","CodeableConcept {[]} {[]}
","Why was substitution made","Indicates the reason for the substitution (or lack of substitution) from what was prescribed.","","","","","","","","","",,"example","A coded concept describing the reason that a different medication should (or should not) be substituted from what was prescribed.","http://terminology.hl7.org/ValueSet/v3-SubstanceAdminSubstitutionReason","",,,,"MedicationDispense.substitution.reason",0,*,"","ele-1:All FHIR elements must have a @value or children {hasValue() or (children().count() > id.count())}
",".reasonCode","CombinedMedicationDispense.substitutionMade.reasonCode"
"MedicationDispense.substitution.responsibleParty","MedicationDispense.substitution.responsibleParty","","","",0,*,"","","","Reference {[]} {[CanonicalType[http://hl7.org/fhir/StructureDefinition/Practitioner], CanonicalType[http://hl7.org/fhir/StructureDefinition/PractitionerRole]]}
","Who is responsible for the substitution","The person or organization that has primary responsibility for the substitution.","","","","","","","","","",,,,,"",,,,"MedicationDispense.substitution.responsibleParty",0,*,"","ele-1:All FHIR elements must have a @value or children {hasValue() or (children().count() > id.count())}
",".participation[typeCode=PFM].role[classCode=ASSIGN]","CombinedMedicationDispense.substitutionMade.ResponsibleParty"
"MedicationDispense.detectedIssue","MedicationDispense.detectedIssue","","Contraindication
Drug Utilization Review (DUR)Alert","",0,*,"","","","Reference {[]} {[CanonicalType[http://hl7.org/fhir/StructureDefinition/DetectedIssue]]}
","Clinical issue with action","Indicates an actual or potential clinical issue with or between one or more active or proposed clinical actions for a patient; e.g. drug-drug interaction, duplicate therapy, dosage alert etc.","This element can include a detected issue that has been identified either by a decision support system or by a clinician and may include information on the steps that were taken to address the issue.","","","","","","","","",,,,,"",,,,"MedicationDispense.detectedIssue",0,*,"","ele-1:All FHIR elements must have a @value or children {hasValue() or (children().count() > id.count())}
",".inboundRelationship[typeCode=SUBJ]/source[classCode=ALRT,moodCode=EVN].value"
"MedicationDispense.eventHistory","MedicationDispense.eventHistory","","","",0,*,"","","","Reference {[]} {[CanonicalType[http://hl7.org/fhir/StructureDefinition/Provenance]]}
","A list of relevant lifecycle events","A summary of the events of interest that have occurred, such as when the dispense was verified.","This might not include provenances for all versions of the request – only those deemed “relevant” or important. This SHALL NOT include the Provenance associated with this current version of the resource. (If that provenance is deemed to be a “relevant” change, it will need to be added as part of a later update. Until then, it can be queried directly as the Provenance that points to this version using _revinclude All Provenances should have some historical version of this Request as their subject.).","","","","","","","","",,,,,"",,,,"MedicationDispense.eventHistory",0,*,"","ele-1:All FHIR elements must have a @value or children {hasValue() or (children().count() > id.count())}
",".inboundRelationship(typeCode=SUBJ].source[classCode=CACT, moodCode=EVN]"
