<?xml version="1.0" encoding="UTF-8"?>

<Practitioner xmlns="http://hl7.org/fhir">
  <id value="CGH.KP00023"/>
  <meta>
    <profile value="https://twcore.mohw.gov.tw/ig/twcore/StructureDefinition/Practitioner-twcore"/>
  </meta>
  <text>
    <status value="generated"/><div xmlns="http://www.w3.org/1999/xhtml"><p><b>Generated Narrative: Practitioner</b><a name="CGH.KP00023"> </a></p><div style="display: inline-block; background-color: #d9e0e7; padding: 6px; margin: 4px; border: 1px solid #8da1b4; border-radius: 5px; line-height: 60%"><p style="margin-bottom: 0px">Resource Practitioner &quot;CGH.KP00023&quot; </p><p style="margin-bottom: 0px">Profile: <a href="https://twcore.mohw.gov.tw/ig/twcore/0.1.1/StructureDefinition-Practitioner-twcore.html">TW Core Practitioner</a></p></div><p><b>identifier</b>: Medical License number: KP00023 (use: OFFICIAL)</p><p><b>active</b>: true</p><p><b>name</b>: 王依昇(OFFICIAL)</p><p><b>telecom</b>: ph: 0912345678(MOBILE)</p><p><b>gender</b>: male</p><h3>Qualifications</h3><table class="grid"><tr><td style="display: none">-</td><td><b>Code</b></td><td><b>Period</b></td></tr><tr><td style="display: none">*</td><td>西醫師 <span style="background: LightGoldenRodYellow; margin: 4px; border: 1px solid khaki"> (<a href="https://twcore.mohw.gov.tw/ig/twcore/0.1.1/CodeSystem-health-professional-tw.html">臺灣醫事人員類別</a>#A)</span></td><td>2005-05-25 --&gt; (ongoing)</td></tr></table></div>
  </text>
  <identifier>
    <use value="official"/>
    <type>
      <coding>
        <system value="http://terminology.hl7.org/CodeSystem/v2-0203"/>
        <code value="MD"/>
      </coding>
    </type>
    <system value="https://www.cgh.org.tw/"/>
    <value value="KP00023"/>
  </identifier>
  <active value="true"/>
  <name>
    <use value="official"/>
    <text value="王依昇"/>
    <family value="Wang"/>
    <given value="Yi Sheng"/>
  </name>
  <telecom>
    <system value="phone"/>
    <value value="0912345678"/>
    <use value="mobile"/>
    <period>
      <start value="2022-07-31"/>
      <end value="2024-07-31"/>
    </period>
  </telecom>
  <gender value="male"/>
  <qualification>
    <code>
      <coding>
        <system value="https://twcore.mohw.gov.tw/ig/twcore/CodeSystem/health-professional-tw"/>
        <code value="A"/>
      </coding>
    </code>
    <period>
      <start value="2005-05-25"/>
    </period>
  </qualification>
</Practitioner>