<?xml version="1.0" encoding="UTF-8"?><CapabilityStatement xmlns="http://hl7.org/fhir"><id value="CapabilityStatementCareProviderApp"/><text><status value="extensions"/><div xmlns="http://www.w3.org/1999/xhtml"><h2>CapabilityStatementCareProviderApp</h2><div><p>連續性用藥處方工作流程-開立處方箋應用系統端(Care Provider App)之能力聲明</p>
</div><table><tr><td>Mode</td><td>CLIENT</td></tr><tr><td>Description</td><td><div><p>使用連續性用藥處方工作流程-開立處方箋應用系統端能力聲明中的查詢參數，支援新增、更新、讀取和查詢一個或多個Profile(s)。</p>
</div></td></tr><tr><td>Transaction</td><td/></tr><tr><td>System History</td><td/></tr><tr><td>System Search</td><td/></tr></table><table><tr><th><b>Resource Type</b></th><th><b>Profile</b></th><th><b title="GET a resource (read interaction)">Read</b></th><th><b title="GET past versions of resources (vread interaction)">V-Read</b></th><th><b title="GET all set of resources of the type (search interaction)">Search</b></th><th><b title="PUT a new resource version (update interaction)">Update</b></th><th><b title="POST a new resource (create interaction)">Create</b></th></tr><tr><td>MedicationRequest</td><td><a href="https://prescription.cgh.org.tw/StructureDefinition-MedicationRequest-tw-ContinuousPrescription.html">https://prescription.cgh.org.tw/StructureDefinition/MedicationRequest-tw-ContinuousPrescription</a></td><td>y</td><td>y</td><td>y</td><td>y</td><td>y</td></tr><tr><td>MedicationDispense</td><td><a href="https://prescription.cgh.org.tw/StructureDefinition-MedicationDispense-tw-ContinuousPrescription.html">https://prescription.cgh.org.tw/StructureDefinition/MedicationDispense-tw-ContinuousPrescription</a></td><td>y</td><td>y</td><td>y</td><td/><td/></tr><tr><td>MedicationAdministration</td><td><a href="https://prescription.cgh.org.tw/StructureDefinition-MedicationAdministration-tw-ContinuousPrescription.html">https://prescription.cgh.org.tw/StructureDefinition/MedicationAdministration-tw-ContinuousPrescription</a></td><td>y</td><td>y</td><td>y</td><td/><td/></tr></table></div></text><url value="https://prescription.cgh.org.tw/CapabilityStatement/CapabilityStatementCareProviderApp"/><version value="0.1.0"/><name value="CapabilityStatementCareProviderApp"/><title value="連續性用藥處方工作流程-開立處方箋應用系統"/><status value="active"/><experimental value="false"/><date value="2023-10-31"/><publisher value="Cathay Holdings"/><contact><name value="Cathay Holdings"/><telecom><system value="url"/><value value="https://www.cathayholdings.com/holdings/"/></telecom><telecom><system value="email"/><value value="shvoidlee@gmail.com"/></telecom></contact><description value="連續性用藥處方工作流程-開立處方箋應用系統端(Care Provider App)之能力聲明"/><kind value="requirements"/><fhirVersion value="4.0.1"/><format value="xml"/><format value="json"/><patchFormat value="application/json-patch+json"/><implementationGuide value="https://prescription.cgh.org.tw"/><rest><mode value="client"/><documentation value="使用連續性用藥處方工作流程-開立處方箋應用系統端能力聲明中的查詢參數，支援新增、更新、讀取和查詢一個或多個Profile(s)。"/><resource><type value="MedicationRequest"/><profile value="https://prescription.cgh.org.tw/StructureDefinition-MedicationRequest-tw-ContinuousPrescription"><extension url="http://hl7.org/fhir/StructureDefinition/capabilitystatement-expectation"><valueCode value="SHALL"/></extension></profile><interaction><extension url="http://hl7.org/fhir/StructureDefinition/capabilitystatement-expectation"><valueCode value="SHALL"/></extension><code value="create"/></interaction><interaction><extension url="http://hl7.org/fhir/StructureDefinition/capabilitystatement-expectation"><valueCode value="SHALL"/></extension><code value="update"/></interaction><interaction><extension url="http://hl7.org/fhir/StructureDefinition/capabilitystatement-expectation"><valueCode value="SHALL"/></extension><code value="read"/></interaction><interaction><extension url="http://hl7.org/fhir/StructureDefinition/capabilitystatement-expectation"><valueCode value="SHALL"/></extension><code value="vread"/></interaction><interaction><extension url="http://hl7.org/fhir/StructureDefinition/capabilitystatement-expectation"><valueCode value="SHALL"/></extension><code value="search-type"/></interaction><referencePolicy value="resolves"/><searchParam><extension url="http://hl7.org/fhir/StructureDefinition/capabilitystatement-expectation"><valueCode value="SHALL"/></extension><name value="MedicationRequest-id"/><definition value="https://prescription.cgh.org.tw/SearchParameter/MedicationRequest-id"/><type value="token"/></searchParam><searchParam><extension url="http://hl7.org/fhir/StructureDefinition/capabilitystatement-expectation"><valueCode value="SHALL"/></extension><name value="MedicationRequest-identifier"/><definition value="https://prescription.cgh.org.tw/SearchParameter/MedicationRequest-identifier"/><type value="token"/></searchParam><searchParam><extension url="http://hl7.org/fhir/StructureDefinition/capabilitystatement-expectation"><valueCode value="SHALL"/></extension><name value="MedicationRequest-status"/><definition value="https://prescription.cgh.org.tw/SearchParameter/MedicationRequest-status"/><type value="token"/></searchParam><searchParam><extension url="http://hl7.org/fhir/StructureDefinition/capabilitystatement-expectation"><valueCode value="SHALL"/></extension><name value="MedicationRequest-intent"/><definition value="https://prescription.cgh.org.tw/SearchParameter/MedicationRequest-intent"/><type value="token"/></searchParam><searchParam><extension url="http://hl7.org/fhir/StructureDefinition/capabilitystatement-expectation"><valueCode value="SHALL"/></extension><name value="MedicationRequest-category"/><definition value="https://prescription.cgh.org.tw/SearchParameter/MedicationRequest-category"/><type value="token"/></searchParam><searchParam><extension url="http://hl7.org/fhir/StructureDefinition/capabilitystatement-expectation"><valueCode value="SHALL"/></extension><name value="MedicationRequest-code"/><definition value="https://prescription.cgh.org.tw/SearchParameter/MedicationRequest-code"/><type value="token"/></searchParam><searchParam><extension url="http://hl7.org/fhir/StructureDefinition/capabilitystatement-expectation"><valueCode value="SHALL"/></extension><name value="MedicationRequest-medication"/><definition value="https://prescription.cgh.org.tw/SearchParameter/MedicationRequest-medication"/><type value="reference"/></searchParam><searchParam><extension url="http://hl7.org/fhir/StructureDefinition/capabilitystatement-expectation"><valueCode value="SHALL"/></extension><name value="MedicationRequest-date"/><definition value="https://prescription.cgh.org.tw/SearchParameter/MedicationRequest-date"/><type value="date"/></searchParam><searchParam><extension url="http://hl7.org/fhir/StructureDefinition/capabilitystatement-expectation"><valueCode value="SHALL"/></extension><name value="MedicationRequest-authoredon"/><definition value="https://prescription.cgh.org.tw/SearchParameter/MedicationRequest-authoredon"/><type value="date"/></searchParam><searchParam><extension url="http://hl7.org/fhir/StructureDefinition/capabilitystatement-expectation"><valueCode value="SHALL"/></extension><name value="MedicationRequest-patient"/><definition value="https://prescription.cgh.org.tw/SearchParameter/MedicationRequest-patient"/><type value="reference"/></searchParam><searchParam><extension url="http://hl7.org/fhir/StructureDefinition/capabilitystatement-expectation"><valueCode value="SHALL"/></extension><name value="MedicationRequest-subject"/><definition value="https://prescription.cgh.org.tw/SearchParameter/MedicationRequest-subject"/><type value="reference"/></searchParam></resource><resource><type value="MedicationDispense"/><profile value="https://prescription.cgh.org.tw/StructureDefinition/MedicationDispense-tw-ContinuousPrescription"><extension url="http://hl7.org/fhir/StructureDefinition/capabilitystatement-expectation"><valueCode value="SHALL"/></extension></profile><interaction><extension url="http://hl7.org/fhir/StructureDefinition/capabilitystatement-expectation"><valueCode value="SHALL"/></extension><code value="read"/></interaction><interaction><extension url="http://hl7.org/fhir/StructureDefinition/capabilitystatement-expectation"><valueCode value="SHALL"/></extension><code value="vread"/></interaction><interaction><extension url="http://hl7.org/fhir/StructureDefinition/capabilitystatement-expectation"><valueCode value="SHALL"/></extension><code value="search-type"/></interaction><referencePolicy value="resolves"/><searchParam><extension url="http://hl7.org/fhir/StructureDefinition/capabilitystatement-expectation"><valueCode value="SHALL"/></extension><name value="MedicationDispense-id"/><definition value="https://prescription.cgh.org.tw/SearchParameter/MedicationDispense-id"/><type value="token"/></searchParam><searchParam><extension url="http://hl7.org/fhir/StructureDefinition/capabilitystatement-expectation"><valueCode value="SHALL"/></extension><name value="MedicationDispense-identifier"/><definition value="https://prescription.cgh.org.tw/SearchParameter/MedicationDispense-identifier"/><type value="token"/></searchParam><searchParam><extension url="http://hl7.org/fhir/StructureDefinition/capabilitystatement-expectation"><valueCode value="SHALL"/></extension><name value="MedicationDispense-status"/><definition value="https://prescription.cgh.org.tw/SearchParameter/MedicationDispense-status"/><type value="token"/></searchParam><searchParam><extension url="http://hl7.org/fhir/StructureDefinition/capabilitystatement-expectation"><valueCode value="SHALL"/></extension><name value="MedicationDispense-type"/><definition value="https://prescription.cgh.org.tw/SearchParameter/MedicationDispense-type"/><type value="token"/></searchParam><searchParam><extension url="http://hl7.org/fhir/StructureDefinition/capabilitystatement-expectation"><valueCode value="SHALL"/></extension><name value="MedicationDispense-code"/><definition value="https://prescription.cgh.org.tw/SearchParameter/MedicationDispense-code"/><type value="token"/></searchParam><searchParam><extension url="http://hl7.org/fhir/StructureDefinition/capabilitystatement-expectation"><valueCode value="SHALL"/></extension><name value="MedicationDispense-medication"/><definition value="https://prescription.cgh.org.tw/SearchParameter/MedicationDispense-medication"/><type value="reference"/></searchParam><searchParam><extension url="http://hl7.org/fhir/StructureDefinition/capabilitystatement-expectation"><valueCode value="SHALL"/></extension><name value="MedicationDispense-whenhandedover"/><definition value="https://prescription.cgh.org.tw/SearchParameter/MedicationDispense-whenhandedover"/><type value="date"/></searchParam><searchParam><extension url="http://hl7.org/fhir/StructureDefinition/capabilitystatement-expectation"><valueCode value="SHALL"/></extension><name value="MedicationDispense-prescription"/><definition value="https://prescription.cgh.org.tw/SearchParameter/MedicationDispense-prescription"/><type value="reference"/></searchParam><searchParam><extension url="http://hl7.org/fhir/StructureDefinition/capabilitystatement-expectation"><valueCode value="SHALL"/></extension><name value="MedicationDispense-patient"/><definition value="https://prescription.cgh.org.tw/SearchParameter/MedicationDispense-patient"/><type value="reference"/></searchParam><searchParam><extension url="http://hl7.org/fhir/StructureDefinition/capabilitystatement-expectation"><valueCode value="SHALL"/></extension><name value="MedicationDispense-subject"/><definition value="https://prescription.cgh.org.tw/SearchParameter/MedicationDispense-subject"/><type value="reference"/></searchParam><searchParam><extension url="http://hl7.org/fhir/StructureDefinition/capabilitystatement-expectation"><valueCode value="SHALL"/></extension><name value="MedicationDispense-performer"/><definition value="https://prescription.cgh.org.tw/SearchParameter/MedicationDispense-performer"/><type value="reference"/></searchParam></resource><resource><type value="MedicationAdministration"/><profile value="https://prescription.cgh.org.tw/StructureDefinition/MedicationAdministration-tw-ContinuousPrescription"><extension url="http://hl7.org/fhir/StructureDefinition/capabilitystatement-expectation"><valueCode value="SHALL"/></extension></profile><interaction><extension url="http://hl7.org/fhir/StructureDefinition/capabilitystatement-expectation"><valueCode value="SHALL"/></extension><code value="read"/></interaction><interaction><extension url="http://hl7.org/fhir/StructureDefinition/capabilitystatement-expectation"><valueCode value="SHALL"/></extension><code value="vread"/></interaction><interaction><extension url="http://hl7.org/fhir/StructureDefinition/capabilitystatement-expectation"><valueCode value="SHALL"/></extension><code value="search-type"/></interaction><referencePolicy value="resolves"/><searchParam><extension url="http://hl7.org/fhir/StructureDefinition/capabilitystatement-expectation"><valueCode value="SHALL"/></extension><name value="MedicationAdministration-id"/><definition value="https://prescription.cgh.org.tw/SearchParameter/MedicationAdministration-id"/><type value="token"/></searchParam><searchParam><extension url="http://hl7.org/fhir/StructureDefinition/capabilitystatement-expectation"><valueCode value="SHALL"/></extension><name value="MedicationAdministration-identifier"/><definition value="https://prescription.cgh.org.tw/SearchParameter/MedicationAdministration-identifier"/><type value="token"/></searchParam><searchParam><extension url="http://hl7.org/fhir/StructureDefinition/capabilitystatement-expectation"><valueCode value="SHALL"/></extension><name value="MedicationAdministration-status"/><definition value="https://prescription.cgh.org.tw/SearchParameter/MedicationAdministration-status"/><type value="token"/></searchParam><searchParam><extension url="http://hl7.org/fhir/StructureDefinition/capabilitystatement-expectation"><valueCode value="SHALL"/></extension><name value="MedicationAdministration-code"/><definition value="https://prescription.cgh.org.tw/SearchParameter/MedicationAdministration-code"/><type value="token"/></searchParam><searchParam><extension url="http://hl7.org/fhir/StructureDefinition/capabilitystatement-expectation"><valueCode value="SHALL"/></extension><name value="MedicationAdministration-medication"/><definition value="https://prescription.cgh.org.tw/SearchParameter/MedicationAdministration-medication"/><type value="reference"/></searchParam><searchParam><extension url="http://hl7.org/fhir/StructureDefinition/capabilitystatement-expectation"><valueCode value="SHALL"/></extension><name value="MedicationAdministration-effective-time"/><definition value="https://prescription.cgh.org.tw/SearchParameter/MedicationAdministration-effective-time"/><type value="date"/></searchParam><searchParam><extension url="http://hl7.org/fhir/StructureDefinition/capabilitystatement-expectation"><valueCode value="SHALL"/></extension><name value="MedicationAdministration-request"/><definition value="https://prescription.cgh.org.tw/SearchParameter/MedicationAdministration-request"/><type value="reference"/></searchParam><searchParam><extension url="http://hl7.org/fhir/StructureDefinition/capabilitystatement-expectation"><valueCode value="SHALL"/></extension><name value="MedicationAdministration-patient"/><definition value="https://prescription.cgh.org.tw/SearchParameter/MedicationAdministration-patient"/><type value="reference"/></searchParam><searchParam><extension url="http://hl7.org/fhir/StructureDefinition/capabilitystatement-expectation"><valueCode value="SHALL"/></extension><name value="MedicationAdministration-subject"/><definition value="https://prescription.cgh.org.tw/SearchParameter/MedicationAdministration-subject"/><type value="reference"/></searchParam><searchParam><extension url="http://hl7.org/fhir/StructureDefinition/capabilitystatement-expectation"><valueCode value="SHALL"/></extension><name value="MedicationAdministration-performer"/><definition value="https://prescription.cgh.org.tw/SearchParameter/MedicationAdministration-performer"/><type value="reference"/></searchParam></resource></rest></CapabilityStatement>