<?xml version="1.0" encoding="UTF-8"?><ImplementationGuide xmlns="http://hl7.org/fhir"><id value="continuousprescription.MI-TW-2023-WG5"/><text><status value="extensions"/><div xmlns="http://www.w3.org/1999/xhtml"><h2>ContinuousPrescriptionIG</h2><p>The official URL for this implementation guide is: </p><pre>https://prescription.cgh.org.tw/ImplementationGuide/continuousprescription.MI-TW-2023-WG5</pre><div><p>An draft IG that describing Taiwan Continuous Prescription Request Formulary Opening, Dispensing, and Medication Administration Workflow</p>
</div></div></text><url value="https://prescription.cgh.org.tw/ImplementationGuide/continuousprescription.MI-TW-2023-WG5"/><version value="0.1.0"/><name value="ContinuousPrescriptionIG"/><title value="HL7 FHIR Implementation Guide: Continuous Prescription IG Release 0.1.0 - TW | STU1"/><status value="draft"/><date value="2024-01-25T03:14:46+08:00"/><publisher value="Cathay Holdings"/><contact><name value="Cathay Holdings"/><telecom><system value="url"/><value value="https://www.cathayholdings.com/holdings/"/></telecom><telecom><system value="email"/><value value="shvoidlee@gmail.com"/></telecom></contact><description value="An draft IG that describing Taiwan Continuous Prescription Request Formulary Opening, Dispensing, and Medication Administration Workflow"/><packageId value="continuousprescription.MI-TW-2023-WG5"/><license value="CC0-1.0"/><fhirVersion value="4.0.1"/><dependsOn id="hl7tx"><extension url="http://hl7.org/fhir/tools/StructureDefinition/implementationguide-dependency-comment"><valueMarkdown value="Automatically added as a dependency - all IGs depend on HL7 Terminology"/></extension><uri value="http://terminology.hl7.org/ImplementationGuide/hl7.terminology"/><packageId value="hl7.terminology.r4"/><version value="5.3.0"/></dependsOn><dependsOn id="hl7ext"><extension url="http://hl7.org/fhir/tools/StructureDefinition/implementationguide-dependency-comment"><valueMarkdown value="Automatically added as a dependency - all IGs depend on the HL7 Extension Pack"/></extension><uri value="http://hl7.org/fhir/extensions/ImplementationGuide/hl7.fhir.uv.extensions"/><packageId value="hl7.fhir.uv.extensions.r4"/><version value="1.0.0"/></dependsOn><dependsOn id="twcore"><uri value="https://twcore.mohw.gov.tw/ig/twcore/ImplementationGuide/tw.gov.mohw.twcore"/><packageId value="tw.gov.mohw.twcore"/><version value="0.1.1"/></dependsOn><definition><extension url="http://hl7.org/fhir/tools/StructureDefinition/ig-parameter"><extension url="code"><valueString value="copyrightyear"/></extension><extension url="value"><valueString value="2023+"/></extension></extension><extension url="http://hl7.org/fhir/tools/StructureDefinition/ig-parameter"><extension url="code"><valueString value="releaselabel"/></extension><extension url="value"><valueString value="ci-build"/></extension></extension><extension url="http://hl7.org/fhir/tools/StructureDefinition/ig-parameter"><extension url="code"><valueString value="autoload-resources"/></extension><extension url="value"><valueString value="true"/></extension></extension><extension url="http://hl7.org/fhir/tools/StructureDefinition/ig-parameter"><extension url="code"><valueString value="path-liquid"/></extension><extension url="value"><valueString value="template/liquid"/></extension></extension><extension url="http://hl7.org/fhir/tools/StructureDefinition/ig-parameter"><extension url="code"><valueString value="path-liquid"/></extension><extension url="value"><valueString value="input/liquid"/></extension></extension><extension url="http://hl7.org/fhir/tools/StructureDefinition/ig-parameter"><extension url="code"><valueString value="path-qa"/></extension><extension url="value"><valueString value="temp/qa"/></extension></extension><extension url="http://hl7.org/fhir/tools/StructureDefinition/ig-parameter"><extension url="code"><valueString value="path-temp"/></extension><extension url="value"><valueString value="temp/pages"/></extension></extension><extension url="http://hl7.org/fhir/tools/StructureDefinition/ig-parameter"><extension url="code"><valueString value="path-output"/></extension><extension url="value"><valueString value="output"/></extension></extension><extension url="http://hl7.org/fhir/tools/StructureDefinition/ig-parameter"><extension url="code"><valueString value="path-suppressed-warnings"/></extension><extension url="value"><valueString value="input/ignoreWarnings.txt"/></extension></extension><extension url="http://hl7.org/fhir/tools/StructureDefinition/ig-parameter"><extension url="code"><valueString value="path-history"/></extension><extension url="value"><valueString value="https://prescription.cgh.org.tw/history.html"/></extension></extension><extension url="http://hl7.org/fhir/tools/StructureDefinition/ig-parameter"><extension url="code"><valueString value="template-html"/></extension><extension url="value"><valueString value="template-page.html"/></extension></extension><extension url="http://hl7.org/fhir/tools/StructureDefinition/ig-parameter"><extension url="code"><valueString value="template-md"/></extension><extension url="value"><valueString value="template-page-md.html"/></extension></extension><extension url="http://hl7.org/fhir/tools/StructureDefinition/ig-parameter"><extension url="code"><valueString value="apply-contact"/></extension><extension url="value"><valueString value="true"/></extension></extension><extension url="http://hl7.org/fhir/tools/StructureDefinition/ig-parameter"><extension url="code"><valueString value="apply-context"/></extension><extension url="value"><valueString value="true"/></extension></extension><extension url="http://hl7.org/fhir/tools/StructureDefinition/ig-parameter"><extension url="code"><valueString value="apply-copyright"/></extension><extension url="value"><valueString value="true"/></extension></extension><extension url="http://hl7.org/fhir/tools/StructureDefinition/ig-parameter"><extension url="code"><valueString value="apply-jurisdiction"/></extension><extension url="value"><valueString value="true"/></extension></extension><extension url="http://hl7.org/fhir/tools/StructureDefinition/ig-parameter"><extension url="code"><valueString value="apply-license"/></extension><extension url="value"><valueString value="true"/></extension></extension><extension url="http://hl7.org/fhir/tools/StructureDefinition/ig-parameter"><extension url="code"><valueString value="apply-publisher"/></extension><extension url="value"><valueString value="true"/></extension></extension><extension url="http://hl7.org/fhir/tools/StructureDefinition/ig-parameter"><extension url="code"><valueString value="apply-version"/></extension><extension url="value"><valueString value="true"/></extension></extension><extension url="http://hl7.org/fhir/tools/StructureDefinition/ig-parameter"><extension url="code"><valueString value="apply-wg"/></extension><extension url="value"><valueString value="true"/></extension></extension><extension url="http://hl7.org/fhir/tools/StructureDefinition/ig-parameter"><extension url="code"><valueString value="active-tables"/></extension><extension url="value"><valueString value="true"/></extension></extension><extension url="http://hl7.org/fhir/tools/StructureDefinition/ig-parameter"><extension url="code"><valueString value="fmm-definition"/></extension><extension url="value"><valueString value="http://hl7.org/fhir/versions.html#maturity"/></extension></extension><extension url="http://hl7.org/fhir/tools/StructureDefinition/ig-parameter"><extension url="code"><valueString value="propagate-status"/></extension><extension url="value"><valueString value="true"/></extension></extension><extension url="http://hl7.org/fhir/tools/StructureDefinition/ig-parameter"><extension url="code"><valueString value="excludelogbinaryformat"/></extension><extension url="value"><valueString value="true"/></extension></extension><extension url="http://hl7.org/fhir/tools/StructureDefinition/ig-parameter"><extension url="code"><valueString value="tabbed-snapshots"/></extension><extension url="value"><valueString value="true"/></extension></extension><extension url="http://hl7.org/fhir/tools/StructureDefinition/ig-internal-dependency"><valueCode value="hl7.fhir.uv.tools#0.1.0"/></extension><extension url="http://hl7.org/fhir/tools/StructureDefinition/ig-parameter"><extension url="code"><valueCode value="copyrightyear"/></extension><extension url="value"><valueString value="2023+"/></extension></extension><extension url="http://hl7.org/fhir/tools/StructureDefinition/ig-parameter"><extension url="code"><valueCode value="releaselabel"/></extension><extension url="value"><valueString value="ci-build"/></extension></extension><extension url="http://hl7.org/fhir/tools/StructureDefinition/ig-parameter"><extension url="code"><valueCode value="autoload-resources"/></extension><extension url="value"><valueString value="true"/></extension></extension><extension url="http://hl7.org/fhir/tools/StructureDefinition/ig-parameter"><extension url="code"><valueCode value="path-liquid"/></extension><extension url="value"><valueString value="template/liquid"/></extension></extension><extension url="http://hl7.org/fhir/tools/StructureDefinition/ig-parameter"><extension url="code"><valueCode value="path-liquid"/></extension><extension url="value"><valueString value="input/liquid"/></extension></extension><extension url="http://hl7.org/fhir/tools/StructureDefinition/ig-parameter"><extension url="code"><valueCode value="path-qa"/></extension><extension url="value"><valueString value="temp/qa"/></extension></extension><extension url="http://hl7.org/fhir/tools/StructureDefinition/ig-parameter"><extension url="code"><valueCode value="path-temp"/></extension><extension url="value"><valueString value="temp/pages"/></extension></extension><extension url="http://hl7.org/fhir/tools/StructureDefinition/ig-parameter"><extension url="code"><valueCode value="path-output"/></extension><extension url="value"><valueString value="output"/></extension></extension><extension url="http://hl7.org/fhir/tools/StructureDefinition/ig-parameter"><extension url="code"><valueCode value="path-suppressed-warnings"/></extension><extension url="value"><valueString value="input/ignoreWarnings.txt"/></extension></extension><extension url="http://hl7.org/fhir/tools/StructureDefinition/ig-parameter"><extension url="code"><valueCode value="path-history"/></extension><extension url="value"><valueString value="https://prescription.cgh.org.tw/history.html"/></extension></extension><extension url="http://hl7.org/fhir/tools/StructureDefinition/ig-parameter"><extension url="code"><valueCode value="template-html"/></extension><extension url="value"><valueString value="template-page.html"/></extension></extension><extension url="http://hl7.org/fhir/tools/StructureDefinition/ig-parameter"><extension url="code"><valueCode value="template-md"/></extension><extension url="value"><valueString value="template-page-md.html"/></extension></extension><extension url="http://hl7.org/fhir/tools/StructureDefinition/ig-parameter"><extension url="code"><valueCode value="apply-contact"/></extension><extension url="value"><valueString value="true"/></extension></extension><extension url="http://hl7.org/fhir/tools/StructureDefinition/ig-parameter"><extension url="code"><valueCode value="apply-context"/></extension><extension url="value"><valueString value="true"/></extension></extension><extension url="http://hl7.org/fhir/tools/StructureDefinition/ig-parameter"><extension url="code"><valueCode value="apply-copyright"/></extension><extension url="value"><valueString value="true"/></extension></extension><extension url="http://hl7.org/fhir/tools/StructureDefinition/ig-parameter"><extension url="code"><valueCode value="apply-jurisdiction"/></extension><extension url="value"><valueString value="true"/></extension></extension><extension url="http://hl7.org/fhir/tools/StructureDefinition/ig-parameter"><extension url="code"><valueCode value="apply-license"/></extension><extension url="value"><valueString value="true"/></extension></extension><extension url="http://hl7.org/fhir/tools/StructureDefinition/ig-parameter"><extension url="code"><valueCode value="apply-publisher"/></extension><extension url="value"><valueString value="true"/></extension></extension><extension url="http://hl7.org/fhir/tools/StructureDefinition/ig-parameter"><extension url="code"><valueCode value="apply-version"/></extension><extension url="value"><valueString value="true"/></extension></extension><extension url="http://hl7.org/fhir/tools/StructureDefinition/ig-parameter"><extension url="code"><valueCode value="apply-wg"/></extension><extension url="value"><valueString value="true"/></extension></extension><extension url="http://hl7.org/fhir/tools/StructureDefinition/ig-parameter"><extension url="code"><valueCode value="active-tables"/></extension><extension url="value"><valueString value="true"/></extension></extension><extension url="http://hl7.org/fhir/tools/StructureDefinition/ig-parameter"><extension url="code"><valueCode value="fmm-definition"/></extension><extension url="value"><valueString value="http://hl7.org/fhir/versions.html#maturity"/></extension></extension><extension url="http://hl7.org/fhir/tools/StructureDefinition/ig-parameter"><extension url="code"><valueCode value="propagate-status"/></extension><extension url="value"><valueString value="true"/></extension></extension><extension url="http://hl7.org/fhir/tools/StructureDefinition/ig-parameter"><extension url="code"><valueCode value="excludelogbinaryformat"/></extension><extension url="value"><valueString value="true"/></extension></extension><extension url="http://hl7.org/fhir/tools/StructureDefinition/ig-parameter"><extension url="code"><valueCode value="tabbed-snapshots"/></extension><extension url="value"><valueString value="true"/></extension></extension><extension url="http://hl7.org/fhir/tools/StructureDefinition/ig-parameter"><extension url="code"><valueCode value="copyrightyear"/></extension><extension url="value"><valueString value="2023+"/></extension></extension><extension url="http://hl7.org/fhir/tools/StructureDefinition/ig-parameter"><extension url="code"><valueCode value="releaselabel"/></extension><extension url="value"><valueString value="ci-build"/></extension></extension><extension url="http://hl7.org/fhir/tools/StructureDefinition/ig-parameter"><extension url="code"><valueCode value="autoload-resources"/></extension><extension url="value"><valueString value="true"/></extension></extension><extension url="http://hl7.org/fhir/tools/StructureDefinition/ig-parameter"><extension url="code"><valueCode value="path-liquid"/></extension><extension url="value"><valueString value="template/liquid"/></extension></extension><extension url="http://hl7.org/fhir/tools/StructureDefinition/ig-parameter"><extension url="code"><valueCode value="path-liquid"/></extension><extension url="value"><valueString value="input/liquid"/></extension></extension><extension url="http://hl7.org/fhir/tools/StructureDefinition/ig-parameter"><extension url="code"><valueCode value="path-qa"/></extension><extension url="value"><valueString value="temp/qa"/></extension></extension><extension url="http://hl7.org/fhir/tools/StructureDefinition/ig-parameter"><extension url="code"><valueCode value="path-temp"/></extension><extension url="value"><valueString value="temp/pages"/></extension></extension><extension url="http://hl7.org/fhir/tools/StructureDefinition/ig-parameter"><extension url="code"><valueCode value="path-output"/></extension><extension url="value"><valueString value="output"/></extension></extension><extension url="http://hl7.org/fhir/tools/StructureDefinition/ig-parameter"><extension url="code"><valueCode value="path-suppressed-warnings"/></extension><extension url="value"><valueString value="input/ignoreWarnings.txt"/></extension></extension><extension url="http://hl7.org/fhir/tools/StructureDefinition/ig-parameter"><extension url="code"><valueCode value="path-history"/></extension><extension url="value"><valueString value="https://prescription.cgh.org.tw/history.html"/></extension></extension><extension url="http://hl7.org/fhir/tools/StructureDefinition/ig-parameter"><extension url="code"><valueCode value="template-html"/></extension><extension url="value"><valueString value="template-page.html"/></extension></extension><extension url="http://hl7.org/fhir/tools/StructureDefinition/ig-parameter"><extension url="code"><valueCode value="template-md"/></extension><extension url="value"><valueString value="template-page-md.html"/></extension></extension><extension url="http://hl7.org/fhir/tools/StructureDefinition/ig-parameter"><extension url="code"><valueCode value="apply-contact"/></extension><extension url="value"><valueString value="true"/></extension></extension><extension url="http://hl7.org/fhir/tools/StructureDefinition/ig-parameter"><extension url="code"><valueCode value="apply-context"/></extension><extension url="value"><valueString value="true"/></extension></extension><extension url="http://hl7.org/fhir/tools/StructureDefinition/ig-parameter"><extension url="code"><valueCode value="apply-copyright"/></extension><extension url="value"><valueString value="true"/></extension></extension><extension url="http://hl7.org/fhir/tools/StructureDefinition/ig-parameter"><extension url="code"><valueCode value="apply-jurisdiction"/></extension><extension url="value"><valueString value="true"/></extension></extension><extension url="http://hl7.org/fhir/tools/StructureDefinition/ig-parameter"><extension url="code"><valueCode value="apply-license"/></extension><extension url="value"><valueString value="true"/></extension></extension><extension url="http://hl7.org/fhir/tools/StructureDefinition/ig-parameter"><extension url="code"><valueCode value="apply-publisher"/></extension><extension url="value"><valueString value="true"/></extension></extension><extension url="http://hl7.org/fhir/tools/StructureDefinition/ig-parameter"><extension url="code"><valueCode value="apply-version"/></extension><extension url="value"><valueString value="true"/></extension></extension><extension url="http://hl7.org/fhir/tools/StructureDefinition/ig-parameter"><extension url="code"><valueCode value="apply-wg"/></extension><extension url="value"><valueString value="true"/></extension></extension><extension url="http://hl7.org/fhir/tools/StructureDefinition/ig-parameter"><extension url="code"><valueCode value="active-tables"/></extension><extension url="value"><valueString value="true"/></extension></extension><extension url="http://hl7.org/fhir/tools/StructureDefinition/ig-parameter"><extension url="code"><valueCode value="fmm-definition"/></extension><extension url="value"><valueString value="http://hl7.org/fhir/versions.html#maturity"/></extension></extension><extension url="http://hl7.org/fhir/tools/StructureDefinition/ig-parameter"><extension url="code"><valueCode value="propagate-status"/></extension><extension url="value"><valueString value="true"/></extension></extension><extension url="http://hl7.org/fhir/tools/StructureDefinition/ig-parameter"><extension url="code"><valueCode value="excludelogbinaryformat"/></extension><extension url="value"><valueString value="true"/></extension></extension><extension url="http://hl7.org/fhir/tools/StructureDefinition/ig-parameter"><extension url="code"><valueCode value="tabbed-snapshots"/></extension><extension url="value"><valueString value="true"/></extension></extension><grouping id="-dyn-capabilitystatement"><name value="Behavior: Capability Statements"/><description value="The following artifacts define the specific capabilities that different types of systems are expected to have in order to comply with this implementation guide.  Systems conforming to this implementation guide are expected to declare conformance to one or more of the following capability statements."/></grouping><grouping id="-dyn-searchparameter"><name value="Behavior: Search Parameters"/><description value="These define the properties by which a RESTful server can be searched.  They can also be used for sorting and including related resources."/></grouping><grouping id="-str-profile"><name value="Structures: Resource Profiles"/><description value="These define constraints on FHIR resources for systems conforming to this implementation guide."/></grouping><grouping id="-ex-example"><name value="Example: Example Instances"/><description value="These are example instances that show what data produced and consumed by systems conforming with this implementation guide might look like."/></grouping><resource><extension url="http://hl7.org/fhir/tools/StructureDefinition/resource-sort"><valueInteger value="999999999"/></extension><extension url="http://hl7.org/fhir/StructureDefinition/implementationguide-page"><valueUri value="CapabilityStatement-CapabilityStatementPatientApp.html"/></extension><reference><reference value="CapabilityStatement/CapabilityStatementPatientApp"/></reference><name value="連續性用藥處方工作流程-病患個人箋應用系統"/><description value="連續性用藥處方工作流程-病患個人應用系統端(Patient App)之能力聲明"/><exampleBoolean value="false"/><groupingId value="-dyn-capabilitystatement"/></resource><resource><extension url="http://hl7.org/fhir/tools/StructureDefinition/resource-sort"><valueInteger value="999999999"/></extension><extension url="http://hl7.org/fhir/StructureDefinition/implementationguide-page"><valueUri value="CapabilityStatement-CapabilityStatementPharmacyApp.html"/></extension><reference><reference value="CapabilityStatement/CapabilityStatementPharmacyApp"/></reference><name value="連續性用藥處方工作流程-藥局應用系統"/><description value="連續性用藥處方工作流程-藥局應用系統端(Pharmacy App)之能力聲明"/><exampleBoolean value="false"/><groupingId value="-dyn-capabilitystatement"/></resource><resource><extension url="http://hl7.org/fhir/tools/StructureDefinition/resource-sort"><valueInteger value="999999999"/></extension><extension url="http://hl7.org/fhir/StructureDefinition/implementationguide-page"><valueUri value="CapabilityStatement-CapabilityStatementCareProviderApp.html"/></extension><reference><reference value="CapabilityStatement/CapabilityStatementCareProviderApp"/></reference><name value="連續性用藥處方工作流程-開立處方箋應用系統"/><description value="連續性用藥處方工作流程-開立處方箋應用系統端(Care Provider App)之能力聲明"/><exampleBoolean value="false"/><groupingId value="-dyn-capabilitystatement"/></resource><resource><extension url="http://hl7.org/fhir/tools/StructureDefinition/resource-sort"><valueInteger value="999999999"/></extension><extension url="http://hl7.org/fhir/StructureDefinition/implementationguide-page"><valueUri value="CapabilityStatement-CapabilityStatementEHRRepository.html"/></extension><reference><reference value="CapabilityStatement/CapabilityStatementEHRRepository"/></reference><name value="連續性用藥處方工作流程-電子病歷儲存庫(EHR Repository)伺服器端(Server)"/><description value="連續性用藥處方工作流程-電子病歷儲存庫(EHR Repository)伺服器端(Server)之能力聲明"/><exampleBoolean value="false"/><groupingId value="-dyn-capabilitystatement"/></resource><resource><extension url="http://hl7.org/fhir/tools/StructureDefinition/resource-sort"><valueInteger value="999999999"/></extension><extension url="http://hl7.org/fhir/StructureDefinition/implementationguide-page"><valueUri value="SearchParameter-MedicationAdministration-code.html"/></extension><reference><reference value="SearchParameter/MedicationAdministration-code"/></reference><name value="SearchParameterMedicationAdministrationcode"/><description value="藥品處方用藥紀錄的藥品代碼(medication code)"/><exampleBoolean value="false"/><groupingId value="-dyn-searchparameter"/></resource><resource><extension url="http://hl7.org/fhir/tools/StructureDefinition/resource-sort"><valueInteger value="999999999"/></extension><extension url="http://hl7.org/fhir/StructureDefinition/implementationguide-page"><valueUri value="SearchParameter-MedicationAdministration-effective-time.html"/></extension><reference><reference value="SearchParameter/MedicationAdministration-effective-time"/></reference><name value="SearchParameterMedicationAdministrationeffective-time"/><description value="藥品處方用藥紀錄的實際用藥時間effective-time"/><exampleBoolean value="false"/><groupingId value="-dyn-searchparameter"/></resource><resource><extension url="http://hl7.org/fhir/tools/StructureDefinition/resource-sort"><valueInteger value="999999999"/></extension><extension url="http://hl7.org/fhir/StructureDefinition/implementationguide-page"><valueUri value="SearchParameter-MedicationAdministration-id.html"/></extension><reference><reference value="SearchParameter/MedicationAdministration-id"/></reference><name value="SearchParameterMedicationAdministrationid"/><description value="藥品處方用藥紀錄的邏輯性id"/><exampleBoolean value="false"/><groupingId value="-dyn-searchparameter"/></resource><resource><extension url="http://hl7.org/fhir/tools/StructureDefinition/resource-sort"><valueInteger value="999999999"/></extension><extension url="http://hl7.org/fhir/StructureDefinition/implementationguide-page"><valueUri value="SearchParameter-MedicationAdministration-identifier.html"/></extension><reference><reference value="SearchParameter/MedicationAdministration-identifier"/></reference><name value="SearchParameterMedicationAdministrationidentifier"/><description value="藥品處方用藥紀錄的識別碼(identifier)"/><exampleBoolean value="false"/><groupingId value="-dyn-searchparameter"/></resource><resource><extension url="http://hl7.org/fhir/tools/StructureDefinition/resource-sort"><valueInteger value="999999999"/></extension><extension url="http://hl7.org/fhir/StructureDefinition/implementationguide-page"><valueUri value="SearchParameter-MedicationAdministration-medication.html"/></extension><reference><reference value="SearchParameter/MedicationAdministration-medication"/></reference><name value="SearchParameterMedicationAdministrationmedication"/><description value="藥品處方用藥紀錄的藥品(medication)"/><exampleBoolean value="false"/><groupingId value="-dyn-searchparameter"/></resource><resource><extension url="http://hl7.org/fhir/tools/StructureDefinition/resource-sort"><valueInteger value="999999999"/></extension><extension url="http://hl7.org/fhir/StructureDefinition/implementationguide-page"><valueUri value="SearchParameter-MedicationAdministration-patient.html"/></extension><reference><reference value="SearchParameter/MedicationAdministration-patient"/></reference><name value="SearchParameterMedicationAdministrationpatient"/><description value="藥品處方用藥紀錄的病人(patient)"/><exampleBoolean value="false"/><groupingId value="-dyn-searchparameter"/></resource><resource><extension url="http://hl7.org/fhir/tools/StructureDefinition/resource-sort"><valueInteger value="999999999"/></extension><extension url="http://hl7.org/fhir/StructureDefinition/implementationguide-page"><valueUri value="SearchParameter-MedicationAdministration-performer.html"/></extension><reference><reference value="SearchParameter/MedicationAdministration-performer"/></reference><name value="SearchParameterMedicationAdministrationperformer"/><description value="藥品處方用藥紀錄的執行者(performer)"/><exampleBoolean value="false"/><groupingId value="-dyn-searchparameter"/></resource><resource><extension url="http://hl7.org/fhir/tools/StructureDefinition/resource-sort"><valueInteger value="999999999"/></extension><extension url="http://hl7.org/fhir/StructureDefinition/implementationguide-page"><valueUri value="SearchParameter-MedicationAdministration-request.html"/></extension><reference><reference value="SearchParameter/MedicationAdministration-request"/></reference><name value="SearchParameterMedicationAdministrationrequest"/><description value="藥品處方用藥紀錄的來源處方(request)"/><exampleBoolean value="false"/><groupingId value="-dyn-searchparameter"/></resource><resource><extension url="http://hl7.org/fhir/tools/StructureDefinition/resource-sort"><valueInteger value="999999999"/></extension><extension url="http://hl7.org/fhir/StructureDefinition/implementationguide-page"><valueUri value="SearchParameter-MedicationAdministration-status.html"/></extension><reference><reference value="SearchParameter/MedicationAdministration-status"/></reference><name value="SearchParameterMedicationAdministrationstatus"/><description value="藥品處方用藥紀錄的狀態(status)"/><exampleBoolean value="false"/><groupingId value="-dyn-searchparameter"/></resource><resource><extension url="http://hl7.org/fhir/tools/StructureDefinition/resource-sort"><valueInteger value="999999999"/></extension><extension url="http://hl7.org/fhir/StructureDefinition/implementationguide-page"><valueUri value="SearchParameter-MedicationAdministration-subject.html"/></extension><reference><reference value="SearchParameter/MedicationAdministration-subject"/></reference><name value="SearchParameterMedicationAdministrationsubject"/><description value="藥品處方用藥紀錄的對象(subject)"/><exampleBoolean value="false"/><groupingId value="-dyn-searchparameter"/></resource><resource><extension url="http://hl7.org/fhir/tools/StructureDefinition/resource-sort"><valueInteger value="999999999"/></extension><extension url="http://hl7.org/fhir/StructureDefinition/implementationguide-page"><valueUri value="SearchParameter-MedicationDispense-code.html"/></extension><reference><reference value="SearchParameter/MedicationDispense-code"/></reference><name value="SearchParameterMedicationDispensecode"/><description value="藥品處方發藥紀錄的藥品代碼(medication code)"/><exampleBoolean value="false"/><groupingId value="-dyn-searchparameter"/></resource><resource><extension url="http://hl7.org/fhir/tools/StructureDefinition/resource-sort"><valueInteger value="999999999"/></extension><extension url="http://hl7.org/fhir/StructureDefinition/implementationguide-page"><valueUri value="SearchParameter-MedicationDispense-id.html"/></extension><reference><reference value="SearchParameter/MedicationDispense-id"/></reference><name value="SearchParameterMedicationDispenseid"/><description value="藥品處方發藥紀錄的邏輯性id"/><exampleBoolean value="false"/><groupingId value="-dyn-searchparameter"/></resource><resource><extension url="http://hl7.org/fhir/tools/StructureDefinition/resource-sort"><valueInteger value="999999999"/></extension><extension url="http://hl7.org/fhir/StructureDefinition/implementationguide-page"><valueUri value="SearchParameter-MedicationDispense-identifier.html"/></extension><reference><reference value="SearchParameter/MedicationDispense-identifier"/></reference><name value="SearchParameterMedicationDispenseidentifier"/><description value="藥品處方發藥紀錄的識別碼(identifier)"/><exampleBoolean value="false"/><groupingId value="-dyn-searchparameter"/></resource><resource><extension url="http://hl7.org/fhir/tools/StructureDefinition/resource-sort"><valueInteger value="999999999"/></extension><extension url="http://hl7.org/fhir/StructureDefinition/implementationguide-page"><valueUri value="SearchParameter-MedicationDispense-medication.html"/></extension><reference><reference value="SearchParameter/MedicationDispense-medication"/></reference><name value="SearchParameterMedicationDispensemedication"/><description value="藥品處方發藥紀錄的藥品(medication)"/><exampleBoolean value="false"/><groupingId value="-dyn-searchparameter"/></resource><resource><extension url="http://hl7.org/fhir/tools/StructureDefinition/resource-sort"><valueInteger value="999999999"/></extension><extension url="http://hl7.org/fhir/StructureDefinition/implementationguide-page"><valueUri value="SearchParameter-MedicationDispense-patient.html"/></extension><reference><reference value="SearchParameter/MedicationDispense-patient"/></reference><name value="SearchParameterMedicationDispensepatient"/><description value="藥品處方發藥紀錄的病人(patient)"/><exampleBoolean value="false"/><groupingId value="-dyn-searchparameter"/></resource><resource><extension url="http://hl7.org/fhir/tools/StructureDefinition/resource-sort"><valueInteger value="999999999"/></extension><extension url="http://hl7.org/fhir/StructureDefinition/implementationguide-page"><valueUri value="SearchParameter-MedicationDispense-performer.html"/></extension><reference><reference value="SearchParameter/MedicationDispense-performer"/></reference><name value="SearchParameterMedicationDispenseperformer"/><description value="藥品處方發藥紀錄的執行者(performer)"/><exampleBoolean value="false"/><groupingId value="-dyn-searchparameter"/></resource><resource><extension url="http://hl7.org/fhir/tools/StructureDefinition/resource-sort"><valueInteger value="999999999"/></extension><extension url="http://hl7.org/fhir/StructureDefinition/implementationguide-page"><valueUri value="SearchParameter-MedicationDispense-prescription.html"/></extension><reference><reference value="SearchParameter/MedicationDispense-prescription"/></reference><name value="SearchParameterMedicationDispenseprescription"/><description value="藥品處方發藥紀錄的來源處方(prescription)"/><exampleBoolean value="false"/><groupingId value="-dyn-searchparameter"/></resource><resource><extension url="http://hl7.org/fhir/tools/StructureDefinition/resource-sort"><valueInteger value="999999999"/></extension><extension url="http://hl7.org/fhir/StructureDefinition/implementationguide-page"><valueUri value="SearchParameter-MedicationDispense-status.html"/></extension><reference><reference value="SearchParameter/MedicationDispense-status"/></reference><name value="SearchParameterMedicationDispensestatus"/><description value="藥品處方發藥紀錄的狀態(status)"/><exampleBoolean value="false"/><groupingId value="-dyn-searchparameter"/></resource><resource><extension url="http://hl7.org/fhir/tools/StructureDefinition/resource-sort"><valueInteger value="999999999"/></extension><extension url="http://hl7.org/fhir/StructureDefinition/implementationguide-page"><valueUri value="SearchParameter-MedicationDispense-subject.html"/></extension><reference><reference value="SearchParameter/MedicationDispense-subject"/></reference><name value="SearchParameterMedicationDispensesubject"/><description value="藥品處方發藥紀錄的對象(subject)"/><exampleBoolean value="false"/><groupingId value="-dyn-searchparameter"/></resource><resource><extension url="http://hl7.org/fhir/tools/StructureDefinition/resource-sort"><valueInteger value="999999999"/></extension><extension url="http://hl7.org/fhir/StructureDefinition/implementationguide-page"><valueUri value="SearchParameter-MedicationDispense-type.html"/></extension><reference><reference value="SearchParameter/MedicationDispense-type"/></reference><name value="SearchParameterMedicationDispensetype"/><description value="藥品處方發藥紀錄的類別(type)"/><exampleBoolean value="false"/><groupingId value="-dyn-searchparameter"/></resource><resource><extension url="http://hl7.org/fhir/tools/StructureDefinition/resource-sort"><valueInteger value="999999999"/></extension><extension url="http://hl7.org/fhir/StructureDefinition/implementationguide-page"><valueUri value="SearchParameter-MedicationDispense-whenhandedover.html"/></extension><reference><reference value="SearchParameter/MedicationDispense-whenhandedover"/></reference><name value="SearchParameterMedicationDispensewhenhandedover"/><description value="藥品處方發藥紀錄的交付時間whenhandedover"/><exampleBoolean value="false"/><groupingId value="-dyn-searchparameter"/></resource><resource><extension url="http://hl7.org/fhir/tools/StructureDefinition/resource-sort"><valueInteger value="999999999"/></extension><extension url="http://hl7.org/fhir/StructureDefinition/implementationguide-page"><valueUri value="SearchParameter-MedicationRequest-authoredon.html"/></extension><reference><reference value="SearchParameter/MedicationRequest-authoredon"/></reference><name value="SearchParameterMedicationRequestauthoredon"/><description value="藥品處方的開立時間authoredon"/><exampleBoolean value="false"/><groupingId value="-dyn-searchparameter"/></resource><resource><extension url="http://hl7.org/fhir/tools/StructureDefinition/resource-sort"><valueInteger value="999999999"/></extension><extension url="http://hl7.org/fhir/StructureDefinition/implementationguide-page"><valueUri value="SearchParameter-MedicationRequest-category.html"/></extension><reference><reference value="SearchParameter/MedicationRequest-category"/></reference><name value="SearchParameterMedicationRequestcategory"/><description value="藥品處方的分類(category)"/><exampleBoolean value="false"/><groupingId value="-dyn-searchparameter"/></resource><resource><extension url="http://hl7.org/fhir/tools/StructureDefinition/resource-sort"><valueInteger value="999999999"/></extension><extension url="http://hl7.org/fhir/StructureDefinition/implementationguide-page"><valueUri value="SearchParameter-MedicationRequest-code.html"/></extension><reference><reference value="SearchParameter/MedicationRequest-code"/></reference><name value="SearchParameterMedicationRequestcode"/><description value="藥品處方的藥品代碼(medication code)"/><exampleBoolean value="false"/><groupingId value="-dyn-searchparameter"/></resource><resource><extension url="http://hl7.org/fhir/tools/StructureDefinition/resource-sort"><valueInteger value="999999999"/></extension><extension url="http://hl7.org/fhir/StructureDefinition/implementationguide-page"><valueUri value="SearchParameter-MedicationRequest-date.html"/></extension><reference><reference value="SearchParameter/MedicationRequest-date"/></reference><name value="SearchParameterMedicationRequestdate"/><description value="藥品處方的指示用藥時間date"/><exampleBoolean value="false"/><groupingId value="-dyn-searchparameter"/></resource><resource><extension url="http://hl7.org/fhir/tools/StructureDefinition/resource-sort"><valueInteger value="999999999"/></extension><extension url="http://hl7.org/fhir/StructureDefinition/implementationguide-page"><valueUri value="SearchParameter-MedicationRequest-id.html"/></extension><reference><reference value="SearchParameter/MedicationRequest-id"/></reference><name value="SearchParameterMedicationRequestid"/><description value="藥品處方的邏輯性id"/><exampleBoolean value="false"/><groupingId value="-dyn-searchparameter"/></resource><resource><extension url="http://hl7.org/fhir/tools/StructureDefinition/resource-sort"><valueInteger value="999999999"/></extension><extension url="http://hl7.org/fhir/StructureDefinition/implementationguide-page"><valueUri value="SearchParameter-MedicationRequest-identifier.html"/></extension><reference><reference value="SearchParameter/MedicationRequest-identifier"/></reference><name value="SearchParameterMedicationRequestidentifier"/><description value="藥品處方的識別碼(identifier)"/><exampleBoolean value="false"/><groupingId value="-dyn-searchparameter"/></resource><resource><extension url="http://hl7.org/fhir/tools/StructureDefinition/resource-sort"><valueInteger value="999999999"/></extension><extension url="http://hl7.org/fhir/StructureDefinition/implementationguide-page"><valueUri value="SearchParameter-MedicationRequest-intent.html"/></extension><reference><reference value="SearchParameter/MedicationRequest-intent"/></reference><name value="SearchParameterMedicationRequestintent"/><description value="藥品處方的意圖(intent)"/><exampleBoolean value="false"/><groupingId value="-dyn-searchparameter"/></resource><resource><extension url="http://hl7.org/fhir/tools/StructureDefinition/resource-sort"><valueInteger value="999999999"/></extension><extension url="http://hl7.org/fhir/StructureDefinition/implementationguide-page"><valueUri value="SearchParameter-MedicationRequest-medication.html"/></extension><reference><reference value="SearchParameter/MedicationRequest-medication"/></reference><name value="SearchParameterMedicationRequestmedication"/><description value="藥品處方的藥品(medication)"/><exampleBoolean value="false"/><groupingId value="-dyn-searchparameter"/></resource><resource><extension url="http://hl7.org/fhir/tools/StructureDefinition/resource-sort"><valueInteger value="999999999"/></extension><extension url="http://hl7.org/fhir/StructureDefinition/implementationguide-page"><valueUri value="SearchParameter-MedicationRequest-patient.html"/></extension><reference><reference value="SearchParameter/MedicationRequest-patient"/></reference><name value="SearchParameterMedicationRequestpatient"/><description value="藥品處方的病人(patient)"/><exampleBoolean value="false"/><groupingId value="-dyn-searchparameter"/></resource><resource><extension url="http://hl7.org/fhir/tools/StructureDefinition/resource-sort"><valueInteger value="999999999"/></extension><extension url="http://hl7.org/fhir/StructureDefinition/implementationguide-page"><valueUri value="SearchParameter-MedicationRequest-status.html"/></extension><reference><reference value="SearchParameter/MedicationRequest-status"/></reference><name value="SearchParameterMedicationRequeststatus"/><description value="藥品處方的狀態(status)"/><exampleBoolean value="false"/><groupingId value="-dyn-searchparameter"/></resource><resource><extension url="http://hl7.org/fhir/tools/StructureDefinition/resource-sort"><valueInteger value="999999999"/></extension><extension url="http://hl7.org/fhir/StructureDefinition/implementationguide-page"><valueUri value="SearchParameter-MedicationRequest-subject.html"/></extension><reference><reference value="SearchParameter/MedicationRequest-subject"/></reference><name value="SearchParameterMedicationRequestsubject"/><description value="藥品處方的對象(subject)"/><exampleBoolean value="false"/><groupingId value="-dyn-searchparameter"/></resource><resource><extension url="http://hl7.org/fhir/tools/StructureDefinition/resource-sort"><valueInteger value="999999999"/></extension><extension url="http://hl7.org/fhir/StructureDefinition/implementationguide-page"><valueUri value="StructureDefinition-MedicationAdministration-tw-ContinuousPrescription.html"/></extension><reference><reference value="StructureDefinition/MedicationAdministration-tw-ContinuousPrescription"/></reference><name value="TW Continuous Prescription MedicationAdministration"/><description value="此為臺灣慢性連續處方之用藥紀錄(TW Continuous Prescription MedicationAdministration) Profile說明本IG如何進一步定義FHIR的MedicationAdministration Resource以呈現台灣慢性連續處方的詳細資料  [[*FMM1*](http://build.fhir.org/versions.html#maturity)]"/><exampleBoolean value="false"/><groupingId value="-str-profile"/></resource><resource><extension url="http://hl7.org/fhir/tools/StructureDefinition/resource-sort"><valueInteger value="999999999"/></extension><extension url="http://hl7.org/fhir/StructureDefinition/implementationguide-page"><valueUri value="StructureDefinition-MedicationDispense-tw-ContinuousPrescription.html"/></extension><reference><reference value="StructureDefinition/MedicationDispense-tw-ContinuousPrescription"/></reference><name value="TW Continuous Prescription MedicationDispense"/><description value="此臺灣慢性連續處方之給藥紀錄(TW Continuous Prescription MedicationDispense) Profile說明本IG如何進一步定義FHIR的MedicationDispense Resource以呈現台灣慢性連續處方的詳細資料  [[*FMM1*](http://build.fhir.org/versions.html#maturity)]"/><exampleBoolean value="false"/><groupingId value="-str-profile"/></resource><resource><extension url="http://hl7.org/fhir/tools/StructureDefinition/resource-sort"><valueInteger value="999999999"/></extension><extension url="http://hl7.org/fhir/StructureDefinition/implementationguide-page"><valueUri value="StructureDefinition-MedicationRequest-tw-ContinuousPrescription.html"/></extension><reference><reference value="StructureDefinition/MedicationRequest-tw-ContinuousPrescription"/></reference><name value="TW Continuous Prescription MedicationRequest"/><description value="此臺灣慢性連續處方(TW Continuous Prescription MedicationRequest) Profile說明本IG如何進一步定義FHIR的MedicationRequest Resource以呈現台灣慢性連續處方的詳細資料  [[*FMM1*](http://build.fhir.org/versions.html#maturity)]"/><exampleBoolean value="false"/><groupingId value="-str-profile"/></resource><resource><extension url="http://hl7.org/fhir/tools/StructureDefinition/resource-sort"><valueInteger value="999999999"/></extension><extension url="http://hl7.org/fhir/StructureDefinition/implementationguide-page"><valueUri value="Practitioner-CGH.KP00023.html"/></extension><reference><reference value="Practitioner/CGH.KP00023"/></reference><name value="CGH.KP00023"/><exampleCanonical value="https://twcore.mohw.gov.tw/ig/twcore/StructureDefinition/Practitioner-twcore"/><groupingId value="-ex-example"/></resource><resource><extension url="http://hl7.org/fhir/tools/StructureDefinition/resource-sort"><valueInteger value="999999999"/></extension><extension url="http://hl7.org/fhir/StructureDefinition/implementationguide-page"><valueUri value="MedicationAdministration-MedicationAdministration-Create-20230815.html"/></extension><reference><reference value="MedicationAdministration/MedicationAdministration-Create-20230815"/></reference><name value="MedicationAdministration-Create-20230815"/><exampleCanonical value="https://prescription.cgh.org.tw/StructureDefinition/MedicationAdministration-tw-ContinuousPrescription"/><groupingId value="-ex-example"/></resource><resource><extension url="http://hl7.org/fhir/tools/StructureDefinition/resource-sort"><valueInteger value="999999999"/></extension><extension url="http://hl7.org/fhir/StructureDefinition/implementationguide-page"><valueUri value="MedicationDispense-MedicationDispense-Create-FirstFill-20230815.html"/></extension><reference><reference value="MedicationDispense/MedicationDispense-Create-FirstFill-20230815"/></reference><name value="MedicationDispense-Create-FirstFill-20230815"/><exampleCanonical value="https://prescription.cgh.org.tw/StructureDefinition/MedicationDispense-tw-ContinuousPrescription"/><groupingId value="-ex-example"/></resource><resource><extension url="http://hl7.org/fhir/tools/StructureDefinition/resource-sort"><valueInteger value="999999999"/></extension><extension url="http://hl7.org/fhir/StructureDefinition/implementationguide-page"><valueUri value="MedicationDispense-MedicationDispense-Create-Refill-20230815.html"/></extension><reference><reference value="MedicationDispense/MedicationDispense-Create-Refill-20230815"/></reference><name value="MedicationDispense-Create-Refill-20230815"/><exampleCanonical value="https://prescription.cgh.org.tw/StructureDefinition/MedicationDispense-tw-ContinuousPrescription"/><groupingId value="-ex-example"/></resource><resource><extension url="http://hl7.org/fhir/tools/StructureDefinition/resource-sort"><valueInteger value="999999999"/></extension><extension url="http://hl7.org/fhir/StructureDefinition/implementationguide-page"><valueUri value="MedicationDispense-MedicationDispense-Create-RefillComplete-20230815.html"/></extension><reference><reference value="MedicationDispense/MedicationDispense-Create-RefillComplete-20230815"/></reference><name value="MedicationDispense-Create-RefillComplete-20230815"/><exampleCanonical value="https://prescription.cgh.org.tw/StructureDefinition/MedicationDispense-tw-ContinuousPrescription"/><groupingId value="-ex-example"/></resource><resource><extension url="http://hl7.org/fhir/tools/StructureDefinition/resource-sort"><valueInteger value="999999999"/></extension><extension url="http://hl7.org/fhir/StructureDefinition/implementationguide-page"><valueUri value="MedicationRequest-MedicationRequest-Create-Active-20230815.html"/></extension><reference><reference value="MedicationRequest/MedicationRequest-Create-Active-20230815"/></reference><name value="MedicationRequest-Create-Active-20230815"/><exampleCanonical value="https://prescription.cgh.org.tw/StructureDefinition/MedicationRequest-tw-ContinuousPrescription"/><groupingId value="-ex-example"/></resource><resource><extension url="http://hl7.org/fhir/tools/StructureDefinition/resource-sort"><valueInteger value="999999999"/></extension><extension url="http://hl7.org/fhir/StructureDefinition/implementationguide-page"><valueUri value="MedicationRequest-MedicationRequest-Update-Completed-20230815.html"/></extension><reference><reference value="MedicationRequest/MedicationRequest-Update-Completed-20230815"/></reference><name value="MedicationRequest-Update-Completed-20230815"/><exampleCanonical value="https://prescription.cgh.org.tw/StructureDefinition/MedicationRequest-tw-ContinuousPrescription"/><groupingId value="-ex-example"/></resource><resource><extension url="http://hl7.org/fhir/tools/StructureDefinition/resource-sort"><valueInteger value="999999999"/></extension><extension url="http://hl7.org/fhir/StructureDefinition/implementationguide-page"><valueUri value="Patient-a82fe11b-9927-4232-9c6b-c3747860bdd4.html"/></extension><reference><reference value="Patient/a82fe11b-9927-4232-9c6b-c3747860bdd4"/></reference><name value="a82fe11b-9927-4232-9c6b-c3747860bdd4"/><exampleCanonical value="https://twcore.mohw.gov.tw/ig/twcore/StructureDefinition/Patient-twcore"/><groupingId value="-ex-example"/></resource><resource><extension url="http://hl7.org/fhir/tools/StructureDefinition/resource-sort"><valueInteger value="999999999"/></extension><extension url="http://hl7.org/fhir/StructureDefinition/implementationguide-page"><valueUri value="Organization-PRN.1101020018.html"/></extension><reference><reference value="Organization/PRN.1101020018"/></reference><name value="國泰醫療財團法人國泰綜合醫院"/><exampleCanonical value="https://twcore.mohw.gov.tw/ig/twcore/StructureDefinition/Organization-hosp-twcore"/><groupingId value="-ex-example"/></resource><page><extension url="http://hl7.org/fhir/tools/StructureDefinition/ig-page-name"><valueUrl value="toc.html"/></extension><nameUrl value="toc.html"/><title value="Table of Contents"/><generation value="html"/><page><extension url="http://hl7.org/fhir/tools/StructureDefinition/ig-page-name"><valueUrl value="index.html"/></extension><nameUrl value="index.html"/><title value="Home"/><generation value="markdown"/></page><page><extension url="http://hl7.org/fhir/tools/StructureDefinition/ig-page-name"><valueUrl value="Capability.html"/></extension><nameUrl value="Capability.html"/><title value="Capability"/><generation value="markdown"/></page><page><extension url="http://hl7.org/fhir/tools/StructureDefinition/ig-page-name"><valueUrl value="Copyright.html"/></extension><nameUrl value="Copyright.html"/><title value="Copyright"/><generation value="markdown"/></page><page><extension url="http://hl7.org/fhir/tools/StructureDefinition/ig-page-name"><valueUrl value="Download.html"/></extension><nameUrl value="Download.html"/><title value="Download"/><generation value="markdown"/></page><page><extension url="http://hl7.org/fhir/tools/StructureDefinition/ig-page-name"><valueUrl value="MedicationAdministrationExample.html"/></extension><nameUrl value="MedicationAdministrationExample.html"/><title value="Medication Administration Example"/><generation value="markdown"/></page><page><extension url="http://hl7.org/fhir/tools/StructureDefinition/ig-page-name"><valueUrl value="MedicationDispenseExample.html"/></extension><nameUrl value="MedicationDispenseExample.html"/><title value="Medication Dispense Example"/><generation value="markdown"/></page><page><extension url="http://hl7.org/fhir/tools/StructureDefinition/ig-page-name"><valueUrl value="MedicationRequestExample.html"/></extension><nameUrl value="MedicationRequestExample.html"/><title value="Medication Request Example"/><generation value="markdown"/></page><page><extension url="http://hl7.org/fhir/tools/StructureDefinition/ig-page-name"><valueUrl value="Profiles.html"/></extension><nameUrl value="Profiles.html"/><title value="Profiles"/><generation value="markdown"/></page><page><extension url="http://hl7.org/fhir/tools/StructureDefinition/ig-page-name"><valueUrl value="SearchParameters.html"/></extension><nameUrl value="SearchParameters.html"/><title value="Search Parameters"/><generation value="markdown"/></page><page><extension url="http://hl7.org/fhir/tools/StructureDefinition/ig-page-name"><valueUrl value="Security.html"/></extension><nameUrl value="Security.html"/><title value="Security"/><generation value="markdown"/></page><page><extension url="http://hl7.org/fhir/tools/StructureDefinition/ig-page-name"><valueUrl value="Terminologies.html"/></extension><nameUrl value="Terminologies.html"/><title value="Terminologies"/><generation value="markdown"/></page><page><extension url="http://hl7.org/fhir/tools/StructureDefinition/ig-page-name"><valueUrl value="History.html"/></extension><nameUrl value="History.html"/><title value="History"/><generation value="markdown"/></page><page><extension url="http://hl7.org/fhir/tools/StructureDefinition/ig-page-name"><valueUrl value="ImplementationGuide-continuousprescription.MI-TW-2023-WG5.html"/></extension><nameUrl value="ImplementationGuide-continuousprescription.MI-TW-2023-WG5.html"/><title value="ImplementationGuide"/><generation value="markdown"/></page><page><extension url="http://hl7.org/fhir/tools/StructureDefinition/ig-page-name"><valueUrl value="artifacts.html"/></extension><nameUrl value="artifacts.html"/><title value="Artifacts Summary"/><generation value="html"/><page><extension url="http://hl7.org/fhir/tools/StructureDefinition/ig-page-name"><valueUrl value="CapabilityStatement-CapabilityStatementPatientApp.html"/></extension><nameUrl value="CapabilityStatement-CapabilityStatementPatientApp.html"/><title value="連續性用藥處方工作流程-病患個人箋應用系統"/><generation value="generated"/></page><page><extension url="http://hl7.org/fhir/tools/StructureDefinition/ig-page-name"><valueUrl value="CapabilityStatement-CapabilityStatementPharmacyApp.html"/></extension><nameUrl value="CapabilityStatement-CapabilityStatementPharmacyApp.html"/><title value="連續性用藥處方工作流程-藥局應用系統"/><generation value="generated"/></page><page><extension url="http://hl7.org/fhir/tools/StructureDefinition/ig-page-name"><valueUrl value="CapabilityStatement-CapabilityStatementCareProviderApp.html"/></extension><nameUrl value="CapabilityStatement-CapabilityStatementCareProviderApp.html"/><title value="連續性用藥處方工作流程-開立處方箋應用系統"/><generation value="generated"/></page><page><extension url="http://hl7.org/fhir/tools/StructureDefinition/ig-page-name"><valueUrl value="CapabilityStatement-CapabilityStatementEHRRepository.html"/></extension><nameUrl value="CapabilityStatement-CapabilityStatementEHRRepository.html"/><title value="連續性用藥處方工作流程-電子病歷儲存庫(EHR Repository)伺服器端(Server)"/><generation value="generated"/></page><page><extension url="http://hl7.org/fhir/tools/StructureDefinition/ig-page-name"><valueUrl value="SearchParameter-MedicationAdministration-code.html"/></extension><nameUrl value="SearchParameter-MedicationAdministration-code.html"/><title value="SearchParameterMedicationAdministrationcode"/><generation value="generated"/></page><page><extension url="http://hl7.org/fhir/tools/StructureDefinition/ig-page-name"><valueUrl value="SearchParameter-MedicationAdministration-effective-time.html"/></extension><nameUrl value="SearchParameter-MedicationAdministration-effective-time.html"/><title value="SearchParameterMedicationAdministrationeffective-time"/><generation value="generated"/></page><page><extension url="http://hl7.org/fhir/tools/StructureDefinition/ig-page-name"><valueUrl value="SearchParameter-MedicationAdministration-id.html"/></extension><nameUrl value="SearchParameter-MedicationAdministration-id.html"/><title value="SearchParameterMedicationAdministrationid"/><generation value="generated"/></page><page><extension url="http://hl7.org/fhir/tools/StructureDefinition/ig-page-name"><valueUrl value="SearchParameter-MedicationAdministration-identifier.html"/></extension><nameUrl value="SearchParameter-MedicationAdministration-identifier.html"/><title value="SearchParameterMedicationAdministrationidentifier"/><generation value="generated"/></page><page><extension url="http://hl7.org/fhir/tools/StructureDefinition/ig-page-name"><valueUrl value="SearchParameter-MedicationAdministration-medication.html"/></extension><nameUrl value="SearchParameter-MedicationAdministration-medication.html"/><title value="SearchParameterMedicationAdministrationmedication"/><generation value="generated"/></page><page><extension url="http://hl7.org/fhir/tools/StructureDefinition/ig-page-name"><valueUrl value="SearchParameter-MedicationAdministration-patient.html"/></extension><nameUrl value="SearchParameter-MedicationAdministration-patient.html"/><title value="SearchParameterMedicationAdministrationpatient"/><generation value="generated"/></page><page><extension url="http://hl7.org/fhir/tools/StructureDefinition/ig-page-name"><valueUrl value="SearchParameter-MedicationAdministration-performer.html"/></extension><nameUrl value="SearchParameter-MedicationAdministration-performer.html"/><title value="SearchParameterMedicationAdministrationperformer"/><generation value="generated"/></page><page><extension url="http://hl7.org/fhir/tools/StructureDefinition/ig-page-name"><valueUrl value="SearchParameter-MedicationAdministration-request.html"/></extension><nameUrl value="SearchParameter-MedicationAdministration-request.html"/><title value="SearchParameterMedicationAdministrationrequest"/><generation value="generated"/></page><page><extension url="http://hl7.org/fhir/tools/StructureDefinition/ig-page-name"><valueUrl value="SearchParameter-MedicationAdministration-status.html"/></extension><nameUrl value="SearchParameter-MedicationAdministration-status.html"/><title value="SearchParameterMedicationAdministrationstatus"/><generation value="generated"/></page><page><extension url="http://hl7.org/fhir/tools/StructureDefinition/ig-page-name"><valueUrl value="SearchParameter-MedicationAdministration-subject.html"/></extension><nameUrl value="SearchParameter-MedicationAdministration-subject.html"/><title value="SearchParameterMedicationAdministrationsubject"/><generation value="generated"/></page><page><extension url="http://hl7.org/fhir/tools/StructureDefinition/ig-page-name"><valueUrl value="SearchParameter-MedicationDispense-code.html"/></extension><nameUrl value="SearchParameter-MedicationDispense-code.html"/><title value="SearchParameterMedicationDispensecode"/><generation value="generated"/></page><page><extension url="http://hl7.org/fhir/tools/StructureDefinition/ig-page-name"><valueUrl value="SearchParameter-MedicationDispense-id.html"/></extension><nameUrl value="SearchParameter-MedicationDispense-id.html"/><title value="SearchParameterMedicationDispenseid"/><generation value="generated"/></page><page><extension url="http://hl7.org/fhir/tools/StructureDefinition/ig-page-name"><valueUrl value="SearchParameter-MedicationDispense-identifier.html"/></extension><nameUrl value="SearchParameter-MedicationDispense-identifier.html"/><title value="SearchParameterMedicationDispenseidentifier"/><generation value="generated"/></page><page><extension url="http://hl7.org/fhir/tools/StructureDefinition/ig-page-name"><valueUrl value="SearchParameter-MedicationDispense-medication.html"/></extension><nameUrl value="SearchParameter-MedicationDispense-medication.html"/><title value="SearchParameterMedicationDispensemedication"/><generation value="generated"/></page><page><extension url="http://hl7.org/fhir/tools/StructureDefinition/ig-page-name"><valueUrl value="SearchParameter-MedicationDispense-patient.html"/></extension><nameUrl value="SearchParameter-MedicationDispense-patient.html"/><title value="SearchParameterMedicationDispensepatient"/><generation value="generated"/></page><page><extension url="http://hl7.org/fhir/tools/StructureDefinition/ig-page-name"><valueUrl value="SearchParameter-MedicationDispense-performer.html"/></extension><nameUrl value="SearchParameter-MedicationDispense-performer.html"/><title value="SearchParameterMedicationDispenseperformer"/><generation value="generated"/></page><page><extension url="http://hl7.org/fhir/tools/StructureDefinition/ig-page-name"><valueUrl value="SearchParameter-MedicationDispense-prescription.html"/></extension><nameUrl value="SearchParameter-MedicationDispense-prescription.html"/><title value="SearchParameterMedicationDispenseprescription"/><generation value="generated"/></page><page><extension url="http://hl7.org/fhir/tools/StructureDefinition/ig-page-name"><valueUrl value="SearchParameter-MedicationDispense-status.html"/></extension><nameUrl value="SearchParameter-MedicationDispense-status.html"/><title value="SearchParameterMedicationDispensestatus"/><generation value="generated"/></page><page><extension url="http://hl7.org/fhir/tools/StructureDefinition/ig-page-name"><valueUrl value="SearchParameter-MedicationDispense-subject.html"/></extension><nameUrl value="SearchParameter-MedicationDispense-subject.html"/><title value="SearchParameterMedicationDispensesubject"/><generation value="generated"/></page><page><extension url="http://hl7.org/fhir/tools/StructureDefinition/ig-page-name"><valueUrl value="SearchParameter-MedicationDispense-type.html"/></extension><nameUrl value="SearchParameter-MedicationDispense-type.html"/><title value="SearchParameterMedicationDispensetype"/><generation value="generated"/></page><page><extension url="http://hl7.org/fhir/tools/StructureDefinition/ig-page-name"><valueUrl value="SearchParameter-MedicationDispense-whenhandedover.html"/></extension><nameUrl value="SearchParameter-MedicationDispense-whenhandedover.html"/><title value="SearchParameterMedicationDispensewhenhandedover"/><generation value="generated"/></page><page><extension url="http://hl7.org/fhir/tools/StructureDefinition/ig-page-name"><valueUrl value="SearchParameter-MedicationRequest-authoredon.html"/></extension><nameUrl value="SearchParameter-MedicationRequest-authoredon.html"/><title value="SearchParameterMedicationRequestauthoredon"/><generation value="generated"/></page><page><extension url="http://hl7.org/fhir/tools/StructureDefinition/ig-page-name"><valueUrl value="SearchParameter-MedicationRequest-category.html"/></extension><nameUrl value="SearchParameter-MedicationRequest-category.html"/><title value="SearchParameterMedicationRequestcategory"/><generation value="generated"/></page><page><extension url="http://hl7.org/fhir/tools/StructureDefinition/ig-page-name"><valueUrl value="SearchParameter-MedicationRequest-code.html"/></extension><nameUrl value="SearchParameter-MedicationRequest-code.html"/><title value="SearchParameterMedicationRequestcode"/><generation value="generated"/></page><page><extension url="http://hl7.org/fhir/tools/StructureDefinition/ig-page-name"><valueUrl value="SearchParameter-MedicationRequest-date.html"/></extension><nameUrl value="SearchParameter-MedicationRequest-date.html"/><title value="SearchParameterMedicationRequestdate"/><generation value="generated"/></page><page><extension url="http://hl7.org/fhir/tools/StructureDefinition/ig-page-name"><valueUrl value="SearchParameter-MedicationRequest-id.html"/></extension><nameUrl value="SearchParameter-MedicationRequest-id.html"/><title value="SearchParameterMedicationRequestid"/><generation value="generated"/></page><page><extension url="http://hl7.org/fhir/tools/StructureDefinition/ig-page-name"><valueUrl value="SearchParameter-MedicationRequest-identifier.html"/></extension><nameUrl value="SearchParameter-MedicationRequest-identifier.html"/><title value="SearchParameterMedicationRequestidentifier"/><generation value="generated"/></page><page><extension url="http://hl7.org/fhir/tools/StructureDefinition/ig-page-name"><valueUrl value="SearchParameter-MedicationRequest-intent.html"/></extension><nameUrl value="SearchParameter-MedicationRequest-intent.html"/><title value="SearchParameterMedicationRequestintent"/><generation value="generated"/></page><page><extension url="http://hl7.org/fhir/tools/StructureDefinition/ig-page-name"><valueUrl value="SearchParameter-MedicationRequest-medication.html"/></extension><nameUrl value="SearchParameter-MedicationRequest-medication.html"/><title value="SearchParameterMedicationRequestmedication"/><generation value="generated"/></page><page><extension url="http://hl7.org/fhir/tools/StructureDefinition/ig-page-name"><valueUrl value="SearchParameter-MedicationRequest-patient.html"/></extension><nameUrl value="SearchParameter-MedicationRequest-patient.html"/><title value="SearchParameterMedicationRequestpatient"/><generation value="generated"/></page><page><extension url="http://hl7.org/fhir/tools/StructureDefinition/ig-page-name"><valueUrl value="SearchParameter-MedicationRequest-status.html"/></extension><nameUrl value="SearchParameter-MedicationRequest-status.html"/><title value="SearchParameterMedicationRequeststatus"/><generation value="generated"/></page><page><extension url="http://hl7.org/fhir/tools/StructureDefinition/ig-page-name"><valueUrl value="SearchParameter-MedicationRequest-subject.html"/></extension><nameUrl value="SearchParameter-MedicationRequest-subject.html"/><title value="SearchParameterMedicationRequestsubject"/><generation value="generated"/></page><page><extension url="http://hl7.org/fhir/tools/StructureDefinition/ig-page-name"><valueUrl value="StructureDefinition-MedicationAdministration-tw-ContinuousPrescription.html"/></extension><nameUrl value="StructureDefinition-MedicationAdministration-tw-ContinuousPrescription.html"/><title value="TW Continuous Prescription MedicationAdministration"/><generation value="generated"/></page><page><extension url="http://hl7.org/fhir/tools/StructureDefinition/ig-page-name"><valueUrl value="StructureDefinition-MedicationDispense-tw-ContinuousPrescription.html"/></extension><nameUrl value="StructureDefinition-MedicationDispense-tw-ContinuousPrescription.html"/><title value="TW Continuous Prescription MedicationDispense"/><generation value="generated"/></page><page><extension url="http://hl7.org/fhir/tools/StructureDefinition/ig-page-name"><valueUrl value="StructureDefinition-MedicationRequest-tw-ContinuousPrescription.html"/></extension><nameUrl value="StructureDefinition-MedicationRequest-tw-ContinuousPrescription.html"/><title value="TW Continuous Prescription MedicationRequest"/><generation value="generated"/></page><page><extension url="http://hl7.org/fhir/tools/StructureDefinition/ig-page-name"><valueUrl value="Patient-a82fe11b-9927-4232-9c6b-c3747860bdd4.html"/></extension><nameUrl value="Patient-a82fe11b-9927-4232-9c6b-c3747860bdd4.html"/><title value="a82fe11b-9927-4232-9c6b-c3747860bdd4"/><generation value="generated"/></page><page><extension url="http://hl7.org/fhir/tools/StructureDefinition/ig-page-name"><valueUrl value="Practitioner-CGH.KP00023.html"/></extension><nameUrl value="Practitioner-CGH.KP00023.html"/><title value="CGH.KP00023"/><generation value="generated"/></page><page><extension url="http://hl7.org/fhir/tools/StructureDefinition/ig-page-name"><valueUrl value="MedicationAdministration-MedicationAdministration-Create-20230815.html"/></extension><nameUrl value="MedicationAdministration-MedicationAdministration-Create-20230815.html"/><title value="MedicationAdministration-Create-20230815"/><generation value="generated"/></page><page><extension url="http://hl7.org/fhir/tools/StructureDefinition/ig-page-name"><valueUrl value="MedicationDispense-MedicationDispense-Create-FirstFill-20230815.html"/></extension><nameUrl value="MedicationDispense-MedicationDispense-Create-FirstFill-20230815.html"/><title value="MedicationDispense-Create-FirstFill-20230815"/><generation value="generated"/></page><page><extension url="http://hl7.org/fhir/tools/StructureDefinition/ig-page-name"><valueUrl value="MedicationDispense-MedicationDispense-Create-Refill-20230815.html"/></extension><nameUrl value="MedicationDispense-MedicationDispense-Create-Refill-20230815.html"/><title value="MedicationDispense-Create-Refill-20230815"/><generation value="generated"/></page><page><extension url="http://hl7.org/fhir/tools/StructureDefinition/ig-page-name"><valueUrl value="MedicationDispense-MedicationDispense-Create-RefillComplete-20230815.html"/></extension><nameUrl value="MedicationDispense-MedicationDispense-Create-RefillComplete-20230815.html"/><title value="MedicationDispense-Create-RefillComplete-20230815"/><generation value="generated"/></page><page><extension url="http://hl7.org/fhir/tools/StructureDefinition/ig-page-name"><valueUrl value="MedicationRequest-MedicationRequest-Create-Active-20230815.html"/></extension><nameUrl value="MedicationRequest-MedicationRequest-Create-Active-20230815.html"/><title value="MedicationRequest-Create-Active-20230815"/><generation value="generated"/></page><page><extension url="http://hl7.org/fhir/tools/StructureDefinition/ig-page-name"><valueUrl value="MedicationRequest-MedicationRequest-Update-Completed-20230815.html"/></extension><nameUrl value="MedicationRequest-MedicationRequest-Update-Completed-20230815.html"/><title value="MedicationRequest-Update-Completed-20230815"/><generation value="generated"/></page><page><extension url="http://hl7.org/fhir/tools/StructureDefinition/ig-page-name"><valueUrl value="Organization-PRN.1101020018.html"/></extension><nameUrl value="Organization-PRN.1101020018.html"/><title value="國泰醫療財團法人國泰綜合醫院"/><generation value="generated"/></page></page></page><parameter><code value="path-resource"/><value value="input/capabilities"/></parameter><parameter><code value="path-resource"/><value value="input/examples"/></parameter><parameter><code value="path-resource"/><value value="input/extensions"/></parameter><parameter><code value="path-resource"/><value value="input/models"/></parameter><parameter><code value="path-resource"/><value value="input/operations"/></parameter><parameter><code value="path-resource"/><value value="input/profiles"/></parameter><parameter><code value="path-resource"/><value value="input/resources"/></parameter><parameter><code value="path-resource"/><value value="input/vocabulary"/></parameter><parameter><code value="path-resource"/><value value="input/maps"/></parameter><parameter><code value="path-resource"/><value value="input/testing"/></parameter><parameter><code value="path-resource"/><value value="input/history"/></parameter><parameter><code value="path-resource"/><value value="fsh-generated/resources"/></parameter><parameter><code value="path-pages"/><value value="template/config"/></parameter><parameter><code value="path-pages"/><value value="input/images"/></parameter><parameter><code value="path-tx-cache"/><value value="input-cache/txcache"/></parameter></definition></ImplementationGuide>