<?xml version="1.0" encoding="UTF-8"?><SearchParameter xmlns="http://hl7.org/fhir"><id value="MedicationRequest-date"/><text><status value="generated"/><div xmlns="http://www.w3.org/1999/xhtml"><h2>SearchParameterMedicationRequestdate</h2><p>Parameter <code>date</code>:<code>date</code></p><div><p>藥品處方的指示用藥時間date</p>
</div><table class="grid"><tr><td>Resource</td><td><a href="http://hl7.org/fhir/R4/medicationrequest.html">MedicationRequest</a></td></tr><tr><td>Expression</td><td><code>MedicationRequest.dosageInstruction.timing.event</code></td></tr><tr><td>Multiples</td><td><ul><li>multipleAnd: It's up to the server whether the parameter may repeat in order to specify multiple values that must all be true</li><li>multipleOr: It's up to the server whether the parameter can have multiple values (separated by comma) where at least one must be true</li></ul></td></tr></table></div></text><url value="https://prescription.cgh.org.tw/SearchParameter/MedicationRequest-date"/><version value="0.1.0"/><name value="SearchParameterMedicationRequestdate"/><status value="draft"/><date value="2024-01-25T03:14:46+08:00"/><publisher value="Cathay Holdings"/><contact><name value="Cathay Holdings"/><telecom><system value="url"/><value value="https://www.cathayholdings.com/holdings/"/></telecom><telecom><system value="email"/><value value="shvoidlee@gmail.com"/></telecom></contact><description value="藥品處方的指示用藥時間date"/><code value="date"/><base value="MedicationRequest"/><type value="date"/><expression value="MedicationRequest.dosageInstruction.timing.event"/></SearchParameter>