<?xml version="1.0" encoding="UTF-8"?><SearchParameter xmlns="http://hl7.org/fhir"><id value="MedicationDispense-identifier"/><text><status value="generated"/><div xmlns="http://www.w3.org/1999/xhtml"><h2>SearchParameterMedicationDispenseidentifier</h2><p>Parameter <code>identifier</code>:<code>token</code></p><div><p>藥品處方發藥紀錄的識別碼(identifier)</p>
</div><table class="grid"><tr><td>Resource</td><td><a href="http://hl7.org/fhir/R4/medicationdispense.html">MedicationDispense</a></td></tr><tr><td>Expression</td><td><code>MedicationDispense.identifier</code></td></tr><tr><td>Multiples</td><td><ul><li>multipleAnd: It's up to the server whether the parameter may repeat in order to specify multiple values that must all be true</li><li>multipleOr: It's up to the server whether the parameter can have multiple values (separated by comma) where at least one must be true</li></ul></td></tr></table></div></text><url value="https://prescription.cgh.org.tw/SearchParameter/MedicationDispense-identifier"/><version value="0.1.0"/><name value="SearchParameterMedicationDispenseidentifier"/><status value="draft"/><date value="2024-01-25T03:14:46+08:00"/><publisher value="Cathay Holdings"/><contact><name value="Cathay Holdings"/><telecom><system value="url"/><value value="https://www.cathayholdings.com/holdings/"/></telecom><telecom><system value="email"/><value value="shvoidlee@gmail.com"/></telecom></contact><description value="藥品處方發藥紀錄的識別碼(identifier)"/><code value="identifier"/><base value="MedicationDispense"/><type value="token"/><expression value="MedicationDispense.identifier"/></SearchParameter>