{"resourceType":"ImplementationGuide","id":"continuousprescription.MI-TW-2023-WG5","text":{"status":"extensions","div":"<div xmlns=\"http://www.w3.org/1999/xhtml\"><h2>ContinuousPrescriptionIG</h2><p>The official URL for this implementation guide is: </p><pre>https://prescription.cgh.org.tw/ImplementationGuide/continuousprescription.MI-TW-2023-WG5</pre><div><p>An draft IG that describing Taiwan Continuous Prescription Request Formulary Opening, Dispensing, and Medication Administration Workflow</p>\n</div></div>"},"url":"https://prescription.cgh.org.tw/ImplementationGuide/continuousprescription.MI-TW-2023-WG5","version":"0.1.0","name":"ContinuousPrescriptionIG","title":"HL7 FHIR Implementation Guide: Continuous Prescription IG Release 0.1.0 - TW | STU1","status":"draft","date":"2024-01-25T03:14:46+08:00","publisher":"Cathay Holdings","contact":[{"name":"Cathay Holdings","telecom":[{"system":"url","value":"https://www.cathayholdings.com/holdings/"},{"system":"email","value":"shvoidlee@gmail.com"}]}],"description":"An draft IG that describing Taiwan Continuous Prescription Request Formulary Opening, Dispensing, and Medication Administration Workflow","packageId":"continuousprescription.MI-TW-2023-WG5","license":"CC0-1.0","fhirVersion":["4.0.1"],"dependsOn":[{"id":"hl7tx","extension":[{"url":"http://hl7.org/fhir/tools/StructureDefinition/implementationguide-dependency-comment","valueMarkdown":"Automatically added as a dependency - all IGs depend on HL7 Terminology"}],"uri":"http://terminology.hl7.org/ImplementationGuide/hl7.terminology","packageId":"hl7.terminology.r4","version":"5.3.0"},{"id":"hl7ext","extension":[{"url":"http://hl7.org/fhir/tools/StructureDefinition/implementationguide-dependency-comment","valueMarkdown":"Automatically added as a dependency - all IGs depend on the HL7 Extension Pack"}],"uri":"http://hl7.org/fhir/extensions/ImplementationGuide/hl7.fhir.uv.extensions","packageId":"hl7.fhir.uv.extensions.r4","version":"1.0.0"},{"id":"twcore","uri":"https://twcore.mohw.gov.tw/ig/twcore/ImplementationGuide/tw.gov.mohw.twcore","packageId":"tw.gov.mohw.twcore","version":"0.1.1"}],"definition":{"extension":[{"extension":[{"url":"code","valueString":"copyrightyear"},{"url":"value","valueString":"2023+"}],"url":"http://hl7.org/fhir/tools/StructureDefinition/ig-parameter"},{"extension":[{"url":"code","valueString":"releaselabel"},{"url":"value","valueString":"ci-build"}],"url":"http://hl7.org/fhir/tools/StructureDefinition/ig-parameter"},{"extension":[{"url":"code","valueString":"autoload-resources"},{"url":"value","valueString":"true"}],"url":"http://hl7.org/fhir/tools/StructureDefinition/ig-parameter"},{"extension":[{"url":"code","valueString":"path-liquid"},{"url":"value","valueString":"template/liquid"}],"url":"http://hl7.org/fhir/tools/StructureDefinition/ig-parameter"},{"extension":[{"url":"code","valueString":"path-liquid"},{"url":"value","valueString":"input/liquid"}],"url":"http://hl7.org/fhir/tools/StructureDefinition/ig-parameter"},{"extension":[{"url":"code","valueString":"path-qa"},{"url":"value","valueString":"temp/qa"}],"url":"http://hl7.org/fhir/tools/StructureDefinition/ig-parameter"},{"extension":[{"url":"code","valueString":"path-temp"},{"url":"value","valueString":"temp/pages"}],"url":"http://hl7.org/fhir/tools/StructureDefinition/ig-parameter"},{"extension":[{"url":"code","valueString":"path-output"},{"url":"value","valueString":"output"}],"url":"http://hl7.org/fhir/tools/StructureDefinition/ig-parameter"},{"extension":[{"url":"code","valueString":"path-suppressed-warnings"},{"url":"value","valueString":"input/ignoreWarnings.txt"}],"url":"http://hl7.org/fhir/tools/StructureDefinition/ig-parameter"},{"extension":[{"url":"code","valueString":"path-history"},{"url":"value","valueString":"https://prescription.cgh.org.tw/history.html"}],"url":"http://hl7.org/fhir/tools/StructureDefinition/ig-parameter"},{"extension":[{"url":"code","valueString":"template-html"},{"url":"value","valueString":"template-page.html"}],"url":"http://hl7.org/fhir/tools/StructureDefinition/ig-parameter"},{"extension":[{"url":"code","valueString":"template-md"},{"url":"value","valueString":"template-page-md.html"}],"url":"http://hl7.org/fhir/tools/StructureDefinition/ig-parameter"},{"extension":[{"url":"code","valueString":"apply-contact"},{"url":"value","valueString":"true"}],"url":"http://hl7.org/fhir/tools/StructureDefinition/ig-parameter"},{"extension":[{"url":"code","valueString":"apply-context"},{"url":"value","valueString":"true"}],"url":"http://hl7.org/fhir/tools/StructureDefinition/ig-parameter"},{"extension":[{"url":"code","valueString":"apply-copyright"},{"url":"value","valueString":"true"}],"url":"http://hl7.org/fhir/tools/StructureDefinition/ig-parameter"},{"extension":[{"url":"code","valueString":"apply-jurisdiction"},{"url":"value","valueString":"true"}],"url":"http://hl7.org/fhir/tools/StructureDefinition/ig-parameter"},{"extension":[{"url":"code","valueString":"apply-license"},{"url":"value","valueString":"true"}],"url":"http://hl7.org/fhir/tools/StructureDefinition/ig-parameter"},{"extension":[{"url":"code","valueString":"apply-publisher"},{"url":"value","valueString":"true"}],"url":"http://hl7.org/fhir/tools/StructureDefinition/ig-parameter"},{"extension":[{"url":"code","valueString":"apply-version"},{"url":"value","valueString":"true"}],"url":"http://hl7.org/fhir/tools/StructureDefinition/ig-parameter"},{"extension":[{"url":"code","valueString":"apply-wg"},{"url":"value","valueString":"true"}],"url":"http://hl7.org/fhir/tools/StructureDefinition/ig-parameter"},{"extension":[{"url":"code","valueString":"active-tables"},{"url":"value","valueString":"true"}],"url":"http://hl7.org/fhir/tools/StructureDefinition/ig-parameter"},{"extension":[{"url":"code","valueString":"fmm-definition"},{"url":"value","valueString":"http://hl7.org/fhir/versions.html#maturity"}],"url":"http://hl7.org/fhir/tools/StructureDefinition/ig-parameter"},{"extension":[{"url":"code","valueString":"propagate-status"},{"url":"value","valueString":"true"}],"url":"http://hl7.org/fhir/tools/StructureDefinition/ig-parameter"},{"extension":[{"url":"code","valueString":"excludelogbinaryformat"},{"url":"value","valueString":"true"}],"url":"http://hl7.org/fhir/tools/StructureDefinition/ig-parameter"},{"extension":[{"url":"code","valueString":"tabbed-snapshots"},{"url":"value","valueString":"true"}],"url":"http://hl7.org/fhir/tools/StructureDefinition/ig-parameter"},{"url":"http://hl7.org/fhir/tools/StructureDefinition/ig-internal-dependency","valueCode":"hl7.fhir.uv.tools#0.1.0"},{"extension":[{"url":"code","valueCode":"copyrightyear"},{"url":"value","valueString":"2023+"}],"url":"http://hl7.org/fhir/tools/StructureDefinition/ig-parameter"},{"extension":[{"url":"code","valueCode":"releaselabel"},{"url":"value","valueString":"ci-build"}],"url":"http://hl7.org/fhir/tools/StructureDefinition/ig-parameter"},{"extension":[{"url":"code","valueCode":"autoload-resources"},{"url":"value","valueString":"true"}],"url":"http://hl7.org/fhir/tools/StructureDefinition/ig-parameter"},{"extension":[{"url":"code","valueCode":"path-liquid"},{"url":"value","valueString":"template/liquid"}],"url":"http://hl7.org/fhir/tools/StructureDefinition/ig-parameter"},{"extension":[{"url":"code","valueCode":"path-liquid"},{"url":"value","valueString":"input/liquid"}],"url":"http://hl7.org/fhir/tools/StructureDefinition/ig-parameter"},{"extension":[{"url":"code","valueCode":"path-qa"},{"url":"value","valueString":"temp/qa"}],"url":"http://hl7.org/fhir/tools/StructureDefinition/ig-parameter"},{"extension":[{"url":"code","valueCode":"path-temp"},{"url":"value","valueString":"temp/pages"}],"url":"http://hl7.org/fhir/tools/StructureDefinition/ig-parameter"},{"extension":[{"url":"code","valueCode":"path-output"},{"url":"value","valueString":"output"}],"url":"http://hl7.org/fhir/tools/StructureDefinition/ig-parameter"},{"extension":[{"url":"code","valueCode":"path-suppressed-warnings"},{"url":"value","valueString":"input/ignoreWarnings.txt"}],"url":"http://hl7.org/fhir/tools/StructureDefinition/ig-parameter"},{"extension":[{"url":"code","valueCode":"path-history"},{"url":"value","valueString":"https://prescription.cgh.org.tw/history.html"}],"url":"http://hl7.org/fhir/tools/StructureDefinition/ig-parameter"},{"extension":[{"url":"code","valueCode":"template-html"},{"url":"value","valueString":"template-page.html"}],"url":"http://hl7.org/fhir/tools/StructureDefinition/ig-parameter"},{"extension":[{"url":"code","valueCode":"template-md"},{"url":"value","valueString":"template-page-md.html"}],"url":"http://hl7.org/fhir/tools/StructureDefinition/ig-parameter"},{"extension":[{"url":"code","valueCode":"apply-contact"},{"url":"value","valueString":"true"}],"url":"http://hl7.org/fhir/tools/StructureDefinition/ig-parameter"},{"extension":[{"url":"code","valueCode":"apply-context"},{"url":"value","valueString":"true"}],"url":"http://hl7.org/fhir/tools/StructureDefinition/ig-parameter"},{"extension":[{"url":"code","valueCode":"apply-copyright"},{"url":"value","valueString":"true"}],"url":"http://hl7.org/fhir/tools/StructureDefinition/ig-parameter"},{"extension":[{"url":"code","valueCode":"apply-jurisdiction"},{"url":"value","valueString":"true"}],"url":"http://hl7.org/fhir/tools/StructureDefinition/ig-parameter"},{"extension":[{"url":"code","valueCode":"apply-license"},{"url":"value","valueString":"true"}],"url":"http://hl7.org/fhir/tools/StructureDefinition/ig-parameter"},{"extension":[{"url":"code","valueCode":"apply-publisher"},{"url":"value","valueString":"true"}],"url":"http://hl7.org/fhir/tools/StructureDefinition/ig-parameter"},{"extension":[{"url":"code","valueCode":"apply-version"},{"url":"value","valueString":"true"}],"url":"http://hl7.org/fhir/tools/StructureDefinition/ig-parameter"},{"extension":[{"url":"code","valueCode":"apply-wg"},{"url":"value","valueString":"true"}],"url":"http://hl7.org/fhir/tools/StructureDefinition/ig-parameter"},{"extension":[{"url":"code","valueCode":"active-tables"},{"url":"value","valueString":"true"}],"url":"http://hl7.org/fhir/tools/StructureDefinition/ig-parameter"},{"extension":[{"url":"code","valueCode":"fmm-definition"},{"url":"value","valueString":"http://hl7.org/fhir/versions.html#maturity"}],"url":"http://hl7.org/fhir/tools/StructureDefinition/ig-parameter"},{"extension":[{"url":"code","valueCode":"propagate-status"},{"url":"value","valueString":"true"}],"url":"http://hl7.org/fhir/tools/StructureDefinition/ig-parameter"},{"extension":[{"url":"code","valueCode":"excludelogbinaryformat"},{"url":"value","valueString":"true"}],"url":"http://hl7.org/fhir/tools/StructureDefinition/ig-parameter"},{"extension":[{"url":"code","valueCode":"tabbed-snapshots"},{"url":"value","valueString":"true"}],"url":"http://hl7.org/fhir/tools/StructureDefinition/ig-parameter"},{"extension":[{"url":"code","valueCode":"copyrightyear"},{"url":"value","valueString":"2023+"}],"url":"http://hl7.org/fhir/tools/StructureDefinition/ig-parameter"},{"extension":[{"url":"code","valueCode":"releaselabel"},{"url":"value","valueString":"ci-build"}],"url":"http://hl7.org/fhir/tools/StructureDefinition/ig-parameter"},{"extension":[{"url":"code","valueCode":"autoload-resources"},{"url":"value","valueString":"true"}],"url":"http://hl7.org/fhir/tools/StructureDefinition/ig-parameter"},{"extension":[{"url":"code","valueCode":"path-liquid"},{"url":"value","valueString":"template/liquid"}],"url":"http://hl7.org/fhir/tools/StructureDefinition/ig-parameter"},{"extension":[{"url":"code","valueCode":"path-liquid"},{"url":"value","valueString":"input/liquid"}],"url":"http://hl7.org/fhir/tools/StructureDefinition/ig-parameter"},{"extension":[{"url":"code","valueCode":"path-qa"},{"url":"value","valueString":"temp/qa"}],"url":"http://hl7.org/fhir/tools/StructureDefinition/ig-parameter"},{"extension":[{"url":"code","valueCode":"path-temp"},{"url":"value","valueString":"temp/pages"}],"url":"http://hl7.org/fhir/tools/StructureDefinition/ig-parameter"},{"extension":[{"url":"code","valueCode":"path-output"},{"url":"value","valueString":"output"}],"url":"http://hl7.org/fhir/tools/StructureDefinition/ig-parameter"},{"extension":[{"url":"code","valueCode":"path-suppressed-warnings"},{"url":"value","valueString":"input/ignoreWarnings.txt"}],"url":"http://hl7.org/fhir/tools/StructureDefinition/ig-parameter"},{"extension":[{"url":"code","valueCode":"path-history"},{"url":"value","valueString":"https://prescription.cgh.org.tw/history.html"}],"url":"http://hl7.org/fhir/tools/StructureDefinition/ig-parameter"},{"extension":[{"url":"code","valueCode":"template-html"},{"url":"value","valueString":"template-page.html"}],"url":"http://hl7.org/fhir/tools/StructureDefinition/ig-parameter"},{"extension":[{"url":"code","valueCode":"template-md"},{"url":"value","valueString":"template-page-md.html"}],"url":"http://hl7.org/fhir/tools/StructureDefinition/ig-parameter"},{"extension":[{"url":"code","valueCode":"apply-contact"},{"url":"value","valueString":"true"}],"url":"http://hl7.org/fhir/tools/StructureDefinition/ig-parameter"},{"extension":[{"url":"code","valueCode":"apply-context"},{"url":"value","valueString":"true"}],"url":"http://hl7.org/fhir/tools/StructureDefinition/ig-parameter"},{"extension":[{"url":"code","valueCode":"apply-copyright"},{"url":"value","valueString":"true"}],"url":"http://hl7.org/fhir/tools/StructureDefinition/ig-parameter"},{"extension":[{"url":"code","valueCode":"apply-jurisdiction"},{"url":"value","valueString":"true"}],"url":"http://hl7.org/fhir/tools/StructureDefinition/ig-parameter"},{"extension":[{"url":"code","valueCode":"apply-license"},{"url":"value","valueString":"true"}],"url":"http://hl7.org/fhir/tools/StructureDefinition/ig-parameter"},{"extension":[{"url":"code","valueCode":"apply-publisher"},{"url":"value","valueString":"true"}],"url":"http://hl7.org/fhir/tools/StructureDefinition/ig-parameter"},{"extension":[{"url":"code","valueCode":"apply-version"},{"url":"value","valueString":"true"}],"url":"http://hl7.org/fhir/tools/StructureDefinition/ig-parameter"},{"extension":[{"url":"code","valueCode":"apply-wg"},{"url":"value","valueString":"true"}],"url":"http://hl7.org/fhir/tools/StructureDefinition/ig-parameter"},{"extension":[{"url":"code","valueCode":"active-tables"},{"url":"value","valueString":"true"}],"url":"http://hl7.org/fhir/tools/StructureDefinition/ig-parameter"},{"extension":[{"url":"code","valueCode":"fmm-definition"},{"url":"value","valueString":"http://hl7.org/fhir/versions.html#maturity"}],"url":"http://hl7.org/fhir/tools/StructureDefinition/ig-parameter"},{"extension":[{"url":"code","valueCode":"propagate-status"},{"url":"value","valueString":"true"}],"url":"http://hl7.org/fhir/tools/StructureDefinition/ig-parameter"},{"extension":[{"url":"code","valueCode":"excludelogbinaryformat"},{"url":"value","valueString":"true"}],"url":"http://hl7.org/fhir/tools/StructureDefinition/ig-parameter"},{"extension":[{"url":"code","valueCode":"tabbed-snapshots"},{"url":"value","valueString":"true"}],"url":"http://hl7.org/fhir/tools/StructureDefinition/ig-parameter"}],"grouping":[{"id":"-dyn-capabilitystatement","name":"Behavior: Capability Statements","description":"The following artifacts define the specific capabilities that different types of systems are expected to have in order to comply with this implementation guide.  Systems conforming to this implementation guide are expected to declare conformance to one or more of the following capability statements."},{"id":"-dyn-searchparameter","name":"Behavior: Search Parameters","description":"These define the properties by which a RESTful server can be searched.  They can also be used for sorting and including related resources."},{"id":"-str-profile","name":"Structures: Resource Profiles","description":"These define constraints on FHIR resources for systems conforming to this implementation guide."},{"id":"-ex-example","name":"Example: Example Instances","description":"These are example instances that show what data produced and consumed by systems conforming with this implementation guide might look like."}],"resource":[{"extension":[{"url":"http://hl7.org/fhir/tools/StructureDefinition/resource-sort","valueInteger":999999999},{"url":"http://hl7.org/fhir/StructureDefinition/implementationguide-page","valueUri":"CapabilityStatement-CapabilityStatementPatientApp.html"}],"reference":{"reference":"CapabilityStatement/CapabilityStatementPatientApp"},"name":"連續性用藥處方工作流程-病患個人箋應用系統","description":"連續性用藥處方工作流程-病患個人應用系統端(Patient App)之能力聲明","exampleBoolean":false,"groupingId":"-dyn-capabilitystatement"},{"extension":[{"url":"http://hl7.org/fhir/tools/StructureDefinition/resource-sort","valueInteger":999999999},{"url":"http://hl7.org/fhir/StructureDefinition/implementationguide-page","valueUri":"CapabilityStatement-CapabilityStatementPharmacyApp.html"}],"reference":{"reference":"CapabilityStatement/CapabilityStatementPharmacyApp"},"name":"連續性用藥處方工作流程-藥局應用系統","description":"連續性用藥處方工作流程-藥局應用系統端(Pharmacy App)之能力聲明","exampleBoolean":false,"groupingId":"-dyn-capabilitystatement"},{"extension":[{"url":"http://hl7.org/fhir/tools/StructureDefinition/resource-sort","valueInteger":999999999},{"url":"http://hl7.org/fhir/StructureDefinition/implementationguide-page","valueUri":"CapabilityStatement-CapabilityStatementCareProviderApp.html"}],"reference":{"reference":"CapabilityStatement/CapabilityStatementCareProviderApp"},"name":"連續性用藥處方工作流程-開立處方箋應用系統","description":"連續性用藥處方工作流程-開立處方箋應用系統端(Care Provider App)之能力聲明","exampleBoolean":false,"groupingId":"-dyn-capabilitystatement"},{"extension":[{"url":"http://hl7.org/fhir/tools/StructureDefinition/resource-sort","valueInteger":999999999},{"url":"http://hl7.org/fhir/StructureDefinition/implementationguide-page","valueUri":"CapabilityStatement-CapabilityStatementEHRRepository.html"}],"reference":{"reference":"CapabilityStatement/CapabilityStatementEHRRepository"},"name":"連續性用藥處方工作流程-電子病歷儲存庫(EHR Repository)伺服器端(Server)","description":"連續性用藥處方工作流程-電子病歷儲存庫(EHR Repository)伺服器端(Server)之能力聲明","exampleBoolean":false,"groupingId":"-dyn-capabilitystatement"},{"extension":[{"url":"http://hl7.org/fhir/tools/StructureDefinition/resource-sort","valueInteger":999999999},{"url":"http://hl7.org/fhir/StructureDefinition/implementationguide-page","valueUri":"SearchParameter-MedicationAdministration-code.html"}],"reference":{"reference":"SearchParameter/MedicationAdministration-code"},"name":"SearchParameterMedicationAdministrationcode","description":"藥品處方用藥紀錄的藥品代碼(medication code)","exampleBoolean":false,"groupingId":"-dyn-searchparameter"},{"extension":[{"url":"http://hl7.org/fhir/tools/StructureDefinition/resource-sort","valueInteger":999999999},{"url":"http://hl7.org/fhir/StructureDefinition/implementationguide-page","valueUri":"SearchParameter-MedicationAdministration-effective-time.html"}],"reference":{"reference":"SearchParameter/MedicationAdministration-effective-time"},"name":"SearchParameterMedicationAdministrationeffective-time","description":"藥品處方用藥紀錄的實際用藥時間effective-time","exampleBoolean":false,"groupingId":"-dyn-searchparameter"},{"extension":[{"url":"http://hl7.org/fhir/tools/StructureDefinition/resource-sort","valueInteger":999999999},{"url":"http://hl7.org/fhir/StructureDefinition/implementationguide-page","valueUri":"SearchParameter-MedicationAdministration-id.html"}],"reference":{"reference":"SearchParameter/MedicationAdministration-id"},"name":"SearchParameterMedicationAdministrationid","description":"藥品處方用藥紀錄的邏輯性id","exampleBoolean":false,"groupingId":"-dyn-searchparameter"},{"extension":[{"url":"http://hl7.org/fhir/tools/StructureDefinition/resource-sort","valueInteger":999999999},{"url":"http://hl7.org/fhir/StructureDefinition/implementationguide-page","valueUri":"SearchParameter-MedicationAdministration-identifier.html"}],"reference":{"reference":"SearchParameter/MedicationAdministration-identifier"},"name":"SearchParameterMedicationAdministrationidentifier","description":"藥品處方用藥紀錄的識別碼(identifier)","exampleBoolean":false,"groupingId":"-dyn-searchparameter"},{"extension":[{"url":"http://hl7.org/fhir/tools/StructureDefinition/resource-sort","valueInteger":999999999},{"url":"http://hl7.org/fhir/StructureDefinition/implementationguide-page","valueUri":"SearchParameter-MedicationAdministration-medication.html"}],"reference":{"reference":"SearchParameter/MedicationAdministration-medication"},"name":"SearchParameterMedicationAdministrationmedication","description":"藥品處方用藥紀錄的藥品(medication)","exampleBoolean":false,"groupingId":"-dyn-searchparameter"},{"extension":[{"url":"http://hl7.org/fhir/tools/StructureDefinition/resource-sort","valueInteger":999999999},{"url":"http://hl7.org/fhir/StructureDefinition/implementationguide-page","valueUri":"SearchParameter-MedicationAdministration-patient.html"}],"reference":{"reference":"SearchParameter/MedicationAdministration-patient"},"name":"SearchParameterMedicationAdministrationpatient","description":"藥品處方用藥紀錄的病人(patient)","exampleBoolean":false,"groupingId":"-dyn-searchparameter"},{"extension":[{"url":"http://hl7.org/fhir/tools/StructureDefinition/resource-sort","valueInteger":999999999},{"url":"http://hl7.org/fhir/StructureDefinition/implementationguide-page","valueUri":"SearchParameter-MedicationAdministration-performer.html"}],"reference":{"reference":"SearchParameter/MedicationAdministration-performer"},"name":"SearchParameterMedicationAdministrationperformer","description":"藥品處方用藥紀錄的執行者(performer)","exampleBoolean":false,"groupingId":"-dyn-searchparameter"},{"extension":[{"url":"http://hl7.org/fhir/tools/StructureDefinition/resource-sort","valueInteger":999999999},{"url":"http://hl7.org/fhir/StructureDefinition/implementationguide-page","valueUri":"SearchParameter-MedicationAdministration-request.html"}],"reference":{"reference":"SearchParameter/MedicationAdministration-request"},"name":"SearchParameterMedicationAdministrationrequest","description":"藥品處方用藥紀錄的來源處方(request)","exampleBoolean":false,"groupingId":"-dyn-searchparameter"},{"extension":[{"url":"http://hl7.org/fhir/tools/StructureDefinition/resource-sort","valueInteger":999999999},{"url":"http://hl7.org/fhir/StructureDefinition/implementationguide-page","valueUri":"SearchParameter-MedicationAdministration-status.html"}],"reference":{"reference":"SearchParameter/MedicationAdministration-status"},"name":"SearchParameterMedicationAdministrationstatus","description":"藥品處方用藥紀錄的狀態(status)","exampleBoolean":false,"groupingId":"-dyn-searchparameter"},{"extension":[{"url":"http://hl7.org/fhir/tools/StructureDefinition/resource-sort","valueInteger":999999999},{"url":"http://hl7.org/fhir/StructureDefinition/implementationguide-page","valueUri":"SearchParameter-MedicationAdministration-subject.html"}],"reference":{"reference":"SearchParameter/MedicationAdministration-subject"},"name":"SearchParameterMedicationAdministrationsubject","description":"藥品處方用藥紀錄的對象(subject)","exampleBoolean":false,"groupingId":"-dyn-searchparameter"},{"extension":[{"url":"http://hl7.org/fhir/tools/StructureDefinition/resource-sort","valueInteger":999999999},{"url":"http://hl7.org/fhir/StructureDefinition/implementationguide-page","valueUri":"SearchParameter-MedicationDispense-code.html"}],"reference":{"reference":"SearchParameter/MedicationDispense-code"},"name":"SearchParameterMedicationDispensecode","description":"藥品處方發藥紀錄的藥品代碼(medication code)","exampleBoolean":false,"groupingId":"-dyn-searchparameter"},{"extension":[{"url":"http://hl7.org/fhir/tools/StructureDefinition/resource-sort","valueInteger":999999999},{"url":"http://hl7.org/fhir/StructureDefinition/implementationguide-page","valueUri":"SearchParameter-MedicationDispense-id.html"}],"reference":{"reference":"SearchParameter/MedicationDispense-id"},"name":"SearchParameterMedicationDispenseid","description":"藥品處方發藥紀錄的邏輯性id","exampleBoolean":false,"groupingId":"-dyn-searchparameter"},{"extension":[{"url":"http://hl7.org/fhir/tools/StructureDefinition/resource-sort","valueInteger":999999999},{"url":"http://hl7.org/fhir/StructureDefinition/implementationguide-page","valueUri":"SearchParameter-MedicationDispense-identifier.html"}],"reference":{"reference":"SearchParameter/MedicationDispense-identifier"},"name":"SearchParameterMedicationDispenseidentifier","description":"藥品處方發藥紀錄的識別碼(identifier)","exampleBoolean":false,"groupingId":"-dyn-searchparameter"},{"extension":[{"url":"http://hl7.org/fhir/tools/StructureDefinition/resource-sort","valueInteger":999999999},{"url":"http://hl7.org/fhir/StructureDefinition/implementationguide-page","valueUri":"SearchParameter-MedicationDispense-medication.html"}],"reference":{"reference":"SearchParameter/MedicationDispense-medication"},"name":"SearchParameterMedicationDispensemedication","description":"藥品處方發藥紀錄的藥品(medication)","exampleBoolean":false,"groupingId":"-dyn-searchparameter"},{"extension":[{"url":"http://hl7.org/fhir/tools/StructureDefinition/resource-sort","valueInteger":999999999},{"url":"http://hl7.org/fhir/StructureDefinition/implementationguide-page","valueUri":"SearchParameter-MedicationDispense-patient.html"}],"reference":{"reference":"SearchParameter/MedicationDispense-patient"},"name":"SearchParameterMedicationDispensepatient","description":"藥品處方發藥紀錄的病人(patient)","exampleBoolean":false,"groupingId":"-dyn-searchparameter"},{"extension":[{"url":"http://hl7.org/fhir/tools/StructureDefinition/resource-sort","valueInteger":999999999},{"url":"http://hl7.org/fhir/StructureDefinition/implementationguide-page","valueUri":"SearchParameter-MedicationDispense-performer.html"}],"reference":{"reference":"SearchParameter/MedicationDispense-performer"},"name":"SearchParameterMedicationDispenseperformer","description":"藥品處方發藥紀錄的執行者(performer)","exampleBoolean":false,"groupingId":"-dyn-searchparameter"},{"extension":[{"url":"http://hl7.org/fhir/tools/StructureDefinition/resource-sort","valueInteger":999999999},{"url":"http://hl7.org/fhir/StructureDefinition/implementationguide-page","valueUri":"SearchParameter-MedicationDispense-prescription.html"}],"reference":{"reference":"SearchParameter/MedicationDispense-prescription"},"name":"SearchParameterMedicationDispenseprescription","description":"藥品處方發藥紀錄的來源處方(prescription)","exampleBoolean":false,"groupingId":"-dyn-searchparameter"},{"extension":[{"url":"http://hl7.org/fhir/tools/StructureDefinition/resource-sort","valueInteger":999999999},{"url":"http://hl7.org/fhir/StructureDefinition/implementationguide-page","valueUri":"SearchParameter-MedicationDispense-status.html"}],"reference":{"reference":"SearchParameter/MedicationDispense-status"},"name":"SearchParameterMedicationDispensestatus","description":"藥品處方發藥紀錄的狀態(status)","exampleBoolean":false,"groupingId":"-dyn-searchparameter"},{"extension":[{"url":"http://hl7.org/fhir/tools/StructureDefinition/resource-sort","valueInteger":999999999},{"url":"http://hl7.org/fhir/StructureDefinition/implementationguide-page","valueUri":"SearchParameter-MedicationDispense-subject.html"}],"reference":{"reference":"SearchParameter/MedicationDispense-subject"},"name":"SearchParameterMedicationDispensesubject","description":"藥品處方發藥紀錄的對象(subject)","exampleBoolean":false,"groupingId":"-dyn-searchparameter"},{"extension":[{"url":"http://hl7.org/fhir/tools/StructureDefinition/resource-sort","valueInteger":999999999},{"url":"http://hl7.org/fhir/StructureDefinition/implementationguide-page","valueUri":"SearchParameter-MedicationDispense-type.html"}],"reference":{"reference":"SearchParameter/MedicationDispense-type"},"name":"SearchParameterMedicationDispensetype","description":"藥品處方發藥紀錄的類別(type)","exampleBoolean":false,"groupingId":"-dyn-searchparameter"},{"extension":[{"url":"http://hl7.org/fhir/tools/StructureDefinition/resource-sort","valueInteger":999999999},{"url":"http://hl7.org/fhir/StructureDefinition/implementationguide-page","valueUri":"SearchParameter-MedicationDispense-whenhandedover.html"}],"reference":{"reference":"SearchParameter/MedicationDispense-whenhandedover"},"name":"SearchParameterMedicationDispensewhenhandedover","description":"藥品處方發藥紀錄的交付時間whenhandedover","exampleBoolean":false,"groupingId":"-dyn-searchparameter"},{"extension":[{"url":"http://hl7.org/fhir/tools/StructureDefinition/resource-sort","valueInteger":999999999},{"url":"http://hl7.org/fhir/StructureDefinition/implementationguide-page","valueUri":"SearchParameter-MedicationRequest-authoredon.html"}],"reference":{"reference":"SearchParameter/MedicationRequest-authoredon"},"name":"SearchParameterMedicationRequestauthoredon","description":"藥品處方的開立時間authoredon","exampleBoolean":false,"groupingId":"-dyn-searchparameter"},{"extension":[{"url":"http://hl7.org/fhir/tools/StructureDefinition/resource-sort","valueInteger":999999999},{"url":"http://hl7.org/fhir/StructureDefinition/implementationguide-page","valueUri":"SearchParameter-MedicationRequest-category.html"}],"reference":{"reference":"SearchParameter/MedicationRequest-category"},"name":"SearchParameterMedicationRequestcategory","description":"藥品處方的分類(category)","exampleBoolean":false,"groupingId":"-dyn-searchparameter"},{"extension":[{"url":"http://hl7.org/fhir/tools/StructureDefinition/resource-sort","valueInteger":999999999},{"url":"http://hl7.org/fhir/StructureDefinition/implementationguide-page","valueUri":"SearchParameter-MedicationRequest-code.html"}],"reference":{"reference":"SearchParameter/MedicationRequest-code"},"name":"SearchParameterMedicationRequestcode","description":"藥品處方的藥品代碼(medication code)","exampleBoolean":false,"groupingId":"-dyn-searchparameter"},{"extension":[{"url":"http://hl7.org/fhir/tools/StructureDefinition/resource-sort","valueInteger":999999999},{"url":"http://hl7.org/fhir/StructureDefinition/implementationguide-page","valueUri":"SearchParameter-MedicationRequest-date.html"}],"reference":{"reference":"SearchParameter/MedicationRequest-date"},"name":"SearchParameterMedicationRequestdate","description":"藥品處方的指示用藥時間date","exampleBoolean":false,"groupingId":"-dyn-searchparameter"},{"extension":[{"url":"http://hl7.org/fhir/tools/StructureDefinition/resource-sort","valueInteger":999999999},{"url":"http://hl7.org/fhir/StructureDefinition/implementationguide-page","valueUri":"SearchParameter-MedicationRequest-id.html"}],"reference":{"reference":"SearchParameter/MedicationRequest-id"},"name":"SearchParameterMedicationRequestid","description":"藥品處方的邏輯性id","exampleBoolean":false,"groupingId":"-dyn-searchparameter"},{"extension":[{"url":"http://hl7.org/fhir/tools/StructureDefinition/resource-sort","valueInteger":999999999},{"url":"http://hl7.org/fhir/StructureDefinition/implementationguide-page","valueUri":"SearchParameter-MedicationRequest-identifier.html"}],"reference":{"reference":"SearchParameter/MedicationRequest-identifier"},"name":"SearchParameterMedicationRequestidentifier","description":"藥品處方的識別碼(identifier)","exampleBoolean":false,"groupingId":"-dyn-searchparameter"},{"extension":[{"url":"http://hl7.org/fhir/tools/StructureDefinition/resource-sort","valueInteger":999999999},{"url":"http://hl7.org/fhir/StructureDefinition/implementationguide-page","valueUri":"SearchParameter-MedicationRequest-intent.html"}],"reference":{"reference":"SearchParameter/MedicationRequest-intent"},"name":"SearchParameterMedicationRequestintent","description":"藥品處方的意圖(intent)","exampleBoolean":false,"groupingId":"-dyn-searchparameter"},{"extension":[{"url":"http://hl7.org/fhir/tools/StructureDefinition/resource-sort","valueInteger":999999999},{"url":"http://hl7.org/fhir/StructureDefinition/implementationguide-page","valueUri":"SearchParameter-MedicationRequest-medication.html"}],"reference":{"reference":"SearchParameter/MedicationRequest-medication"},"name":"SearchParameterMedicationRequestmedication","description":"藥品處方的藥品(medication)","exampleBoolean":false,"groupingId":"-dyn-searchparameter"},{"extension":[{"url":"http://hl7.org/fhir/tools/StructureDefinition/resource-sort","valueInteger":999999999},{"url":"http://hl7.org/fhir/StructureDefinition/implementationguide-page","valueUri":"SearchParameter-MedicationRequest-patient.html"}],"reference":{"reference":"SearchParameter/MedicationRequest-patient"},"name":"SearchParameterMedicationRequestpatient","description":"藥品處方的病人(patient)","exampleBoolean":false,"groupingId":"-dyn-searchparameter"},{"extension":[{"url":"http://hl7.org/fhir/tools/StructureDefinition/resource-sort","valueInteger":999999999},{"url":"http://hl7.org/fhir/StructureDefinition/implementationguide-page","valueUri":"SearchParameter-MedicationRequest-status.html"}],"reference":{"reference":"SearchParameter/MedicationRequest-status"},"name":"SearchParameterMedicationRequeststatus","description":"藥品處方的狀態(status)","exampleBoolean":false,"groupingId":"-dyn-searchparameter"},{"extension":[{"url":"http://hl7.org/fhir/tools/StructureDefinition/resource-sort","valueInteger":999999999},{"url":"http://hl7.org/fhir/StructureDefinition/implementationguide-page","valueUri":"SearchParameter-MedicationRequest-subject.html"}],"reference":{"reference":"SearchParameter/MedicationRequest-subject"},"name":"SearchParameterMedicationRequestsubject","description":"藥品處方的對象(subject)","exampleBoolean":false,"groupingId":"-dyn-searchparameter"},{"extension":[{"url":"http://hl7.org/fhir/tools/StructureDefinition/resource-sort","valueInteger":999999999},{"url":"http://hl7.org/fhir/StructureDefinition/implementationguide-page","valueUri":"StructureDefinition-MedicationAdministration-tw-ContinuousPrescription.html"}],"reference":{"reference":"StructureDefinition/MedicationAdministration-tw-ContinuousPrescription"},"name":"TW Continuous Prescription MedicationAdministration","description":"此為臺灣慢性連續處方之用藥紀錄(TW Continuous Prescription MedicationAdministration) Profile說明本IG如何進一步定義FHIR的MedicationAdministration Resource以呈現台灣慢性連續處方的詳細資料  [[*FMM1*](http://build.fhir.org/versions.html#maturity)]","exampleBoolean":false,"groupingId":"-str-profile"},{"extension":[{"url":"http://hl7.org/fhir/tools/StructureDefinition/resource-sort","valueInteger":999999999},{"url":"http://hl7.org/fhir/StructureDefinition/implementationguide-page","valueUri":"StructureDefinition-MedicationDispense-tw-ContinuousPrescription.html"}],"reference":{"reference":"StructureDefinition/MedicationDispense-tw-ContinuousPrescription"},"name":"TW Continuous Prescription MedicationDispense","description":"此臺灣慢性連續處方之給藥紀錄(TW Continuous Prescription MedicationDispense) Profile說明本IG如何進一步定義FHIR的MedicationDispense Resource以呈現台灣慢性連續處方的詳細資料  [[*FMM1*](http://build.fhir.org/versions.html#maturity)]","exampleBoolean":false,"groupingId":"-str-profile"},{"extension":[{"url":"http://hl7.org/fhir/tools/StructureDefinition/resource-sort","valueInteger":999999999},{"url":"http://hl7.org/fhir/StructureDefinition/implementationguide-page","valueUri":"StructureDefinition-MedicationRequest-tw-ContinuousPrescription.html"}],"reference":{"reference":"StructureDefinition/MedicationRequest-tw-ContinuousPrescription"},"name":"TW Continuous Prescription MedicationRequest","description":"此臺灣慢性連續處方(TW Continuous Prescription MedicationRequest) Profile說明本IG如何進一步定義FHIR的MedicationRequest Resource以呈現台灣慢性連續處方的詳細資料  [[*FMM1*](http://build.fhir.org/versions.html#maturity)]","exampleBoolean":false,"groupingId":"-str-profile"},{"extension":[{"url":"http://hl7.org/fhir/tools/StructureDefinition/resource-sort","valueInteger":999999999},{"url":"http://hl7.org/fhir/StructureDefinition/implementationguide-page","valueUri":"Practitioner-CGH.KP00023.html"}],"reference":{"reference":"Practitioner/CGH.KP00023"},"name":"CGH.KP00023","exampleCanonical":"https://twcore.mohw.gov.tw/ig/twcore/StructureDefinition/Practitioner-twcore","groupingId":"-ex-example"},{"extension":[{"url":"http://hl7.org/fhir/tools/StructureDefinition/resource-sort","valueInteger":999999999},{"url":"http://hl7.org/fhir/StructureDefinition/implementationguide-page","valueUri":"MedicationAdministration-MedicationAdministration-Create-20230815.html"}],"reference":{"reference":"MedicationAdministration/MedicationAdministration-Create-20230815"},"name":"MedicationAdministration-Create-20230815","exampleCanonical":"https://prescription.cgh.org.tw/StructureDefinition/MedicationAdministration-tw-ContinuousPrescription","groupingId":"-ex-example"},{"extension":[{"url":"http://hl7.org/fhir/tools/StructureDefinition/resource-sort","valueInteger":999999999},{"url":"http://hl7.org/fhir/StructureDefinition/implementationguide-page","valueUri":"MedicationDispense-MedicationDispense-Create-FirstFill-20230815.html"}],"reference":{"reference":"MedicationDispense/MedicationDispense-Create-FirstFill-20230815"},"name":"MedicationDispense-Create-FirstFill-20230815","exampleCanonical":"https://prescription.cgh.org.tw/StructureDefinition/MedicationDispense-tw-ContinuousPrescription","groupingId":"-ex-example"},{"extension":[{"url":"http://hl7.org/fhir/tools/StructureDefinition/resource-sort","valueInteger":999999999},{"url":"http://hl7.org/fhir/StructureDefinition/implementationguide-page","valueUri":"MedicationDispense-MedicationDispense-Create-Refill-20230815.html"}],"reference":{"reference":"MedicationDispense/MedicationDispense-Create-Refill-20230815"},"name":"MedicationDispense-Create-Refill-20230815","exampleCanonical":"https://prescription.cgh.org.tw/StructureDefinition/MedicationDispense-tw-ContinuousPrescription","groupingId":"-ex-example"},{"extension":[{"url":"http://hl7.org/fhir/tools/StructureDefinition/resource-sort","valueInteger":999999999},{"url":"http://hl7.org/fhir/StructureDefinition/implementationguide-page","valueUri":"MedicationDispense-MedicationDispense-Create-RefillComplete-20230815.html"}],"reference":{"reference":"MedicationDispense/MedicationDispense-Create-RefillComplete-20230815"},"name":"MedicationDispense-Create-RefillComplete-20230815","exampleCanonical":"https://prescription.cgh.org.tw/StructureDefinition/MedicationDispense-tw-ContinuousPrescription","groupingId":"-ex-example"},{"extension":[{"url":"http://hl7.org/fhir/tools/StructureDefinition/resource-sort","valueInteger":999999999},{"url":"http://hl7.org/fhir/StructureDefinition/implementationguide-page","valueUri":"MedicationRequest-MedicationRequest-Create-Active-20230815.html"}],"reference":{"reference":"MedicationRequest/MedicationRequest-Create-Active-20230815"},"name":"MedicationRequest-Create-Active-20230815","exampleCanonical":"https://prescription.cgh.org.tw/StructureDefinition/MedicationRequest-tw-ContinuousPrescription","groupingId":"-ex-example"},{"extension":[{"url":"http://hl7.org/fhir/tools/StructureDefinition/resource-sort","valueInteger":999999999},{"url":"http://hl7.org/fhir/StructureDefinition/implementationguide-page","valueUri":"MedicationRequest-MedicationRequest-Update-Completed-20230815.html"}],"reference":{"reference":"MedicationRequest/MedicationRequest-Update-Completed-20230815"},"name":"MedicationRequest-Update-Completed-20230815","exampleCanonical":"https://prescription.cgh.org.tw/StructureDefinition/MedicationRequest-tw-ContinuousPrescription","groupingId":"-ex-example"},{"extension":[{"url":"http://hl7.org/fhir/tools/StructureDefinition/resource-sort","valueInteger":999999999},{"url":"http://hl7.org/fhir/StructureDefinition/implementationguide-page","valueUri":"Patient-a82fe11b-9927-4232-9c6b-c3747860bdd4.html"}],"reference":{"reference":"Patient/a82fe11b-9927-4232-9c6b-c3747860bdd4"},"name":"a82fe11b-9927-4232-9c6b-c3747860bdd4","exampleCanonical":"https://twcore.mohw.gov.tw/ig/twcore/StructureDefinition/Patient-twcore","groupingId":"-ex-example"},{"extension":[{"url":"http://hl7.org/fhir/tools/StructureDefinition/resource-sort","valueInteger":999999999},{"url":"http://hl7.org/fhir/StructureDefinition/implementationguide-page","valueUri":"Organization-PRN.1101020018.html"}],"reference":{"reference":"Organization/PRN.1101020018"},"name":"國泰醫療財團法人國泰綜合醫院","exampleCanonical":"https://twcore.mohw.gov.tw/ig/twcore/StructureDefinition/Organization-hosp-twcore","groupingId":"-ex-example"}],"page":{"extension":[{"url":"http://hl7.org/fhir/tools/StructureDefinition/ig-page-name","valueUrl":"toc.html"}],"nameUrl":"toc.html","title":"Table of Contents","generation":"html","page":[{"extension":[{"url":"http://hl7.org/fhir/tools/StructureDefinition/ig-page-name","valueUrl":"index.html"}],"nameUrl":"index.html","title":"Home","generation":"markdown"},{"extension":[{"url":"http://hl7.org/fhir/tools/StructureDefinition/ig-page-name","valueUrl":"Capability.html"}],"nameUrl":"Capability.html","title":"Capability","generation":"markdown"},{"extension":[{"url":"http://hl7.org/fhir/tools/StructureDefinition/ig-page-name","valueUrl":"Copyright.html"}],"nameUrl":"Copyright.html","title":"Copyright","generation":"markdown"},{"extension":[{"url":"http://hl7.org/fhir/tools/StructureDefinition/ig-page-name","valueUrl":"Download.html"}],"nameUrl":"Download.html","title":"Download","generation":"markdown"},{"extension":[{"url":"http://hl7.org/fhir/tools/StructureDefinition/ig-page-name","valueUrl":"MedicationAdministrationExample.html"}],"nameUrl":"MedicationAdministrationExample.html","title":"Medication Administration Example","generation":"markdown"},{"extension":[{"url":"http://hl7.org/fhir/tools/StructureDefinition/ig-page-name","valueUrl":"MedicationDispenseExample.html"}],"nameUrl":"MedicationDispenseExample.html","title":"Medication Dispense Example","generation":"markdown"},{"extension":[{"url":"http://hl7.org/fhir/tools/StructureDefinition/ig-page-name","valueUrl":"MedicationRequestExample.html"}],"nameUrl":"MedicationRequestExample.html","title":"Medication Request Example","generation":"markdown"},{"extension":[{"url":"http://hl7.org/fhir/tools/StructureDefinition/ig-page-name","valueUrl":"Profiles.html"}],"nameUrl":"Profiles.html","title":"Profiles","generation":"markdown"},{"extension":[{"url":"http://hl7.org/fhir/tools/StructureDefinition/ig-page-name","valueUrl":"SearchParameters.html"}],"nameUrl":"SearchParameters.html","title":"Search Parameters","generation":"markdown"},{"extension":[{"url":"http://hl7.org/fhir/tools/StructureDefinition/ig-page-name","valueUrl":"Security.html"}],"nameUrl":"Security.html","title":"Security","generation":"markdown"},{"extension":[{"url":"http://hl7.org/fhir/tools/StructureDefinition/ig-page-name","valueUrl":"Terminologies.html"}],"nameUrl":"Terminologies.html","title":"Terminologies","generation":"markdown"},{"extension":[{"url":"http://hl7.org/fhir/tools/StructureDefinition/ig-page-name","valueUrl":"History.html"}],"nameUrl":"History.html","title":"History","generation":"markdown"},{"extension":[{"url":"http://hl7.org/fhir/tools/StructureDefinition/ig-page-name","valueUrl":"ImplementationGuide-continuousprescription.MI-TW-2023-WG5.html"}],"nameUrl":"ImplementationGuide-continuousprescription.MI-TW-2023-WG5.html","title":"ImplementationGuide","generation":"markdown"},{"extension":[{"url":"http://hl7.org/fhir/tools/StructureDefinition/ig-page-name","valueUrl":"artifacts.html"}],"nameUrl":"artifacts.html","title":"Artifacts Summary","generation":"html","page":[{"extension":[{"url":"http://hl7.org/fhir/tools/StructureDefinition/ig-page-name","valueUrl":"CapabilityStatement-CapabilityStatementPatientApp.html"}],"nameUrl":"CapabilityStatement-CapabilityStatementPatientApp.html","title":"連續性用藥處方工作流程-病患個人箋應用系統","generation":"generated"},{"extension":[{"url":"http://hl7.org/fhir/tools/StructureDefinition/ig-page-name","valueUrl":"CapabilityStatement-CapabilityStatementPharmacyApp.html"}],"nameUrl":"CapabilityStatement-CapabilityStatementPharmacyApp.html","title":"連續性用藥處方工作流程-藥局應用系統","generation":"generated"},{"extension":[{"url":"http://hl7.org/fhir/tools/StructureDefinition/ig-page-name","valueUrl":"CapabilityStatement-CapabilityStatementCareProviderApp.html"}],"nameUrl":"CapabilityStatement-CapabilityStatementCareProviderApp.html","title":"連續性用藥處方工作流程-開立處方箋應用系統","generation":"generated"},{"extension":[{"url":"http://hl7.org/fhir/tools/StructureDefinition/ig-page-name","valueUrl":"CapabilityStatement-CapabilityStatementEHRRepository.html"}],"nameUrl":"CapabilityStatement-CapabilityStatementEHRRepository.html","title":"連續性用藥處方工作流程-電子病歷儲存庫(EHR Repository)伺服器端(Server)","generation":"generated"},{"extension":[{"url":"http://hl7.org/fhir/tools/StructureDefinition/ig-page-name","valueUrl":"SearchParameter-MedicationAdministration-code.html"}],"nameUrl":"SearchParameter-MedicationAdministration-code.html","title":"SearchParameterMedicationAdministrationcode","generation":"generated"},{"extension":[{"url":"http://hl7.org/fhir/tools/StructureDefinition/ig-page-name","valueUrl":"SearchParameter-MedicationAdministration-effective-time.html"}],"nameUrl":"SearchParameter-MedicationAdministration-effective-time.html","title":"SearchParameterMedicationAdministrationeffective-time","generation":"generated"},{"extension":[{"url":"http://hl7.org/fhir/tools/StructureDefinition/ig-page-name","valueUrl":"SearchParameter-MedicationAdministration-id.html"}],"nameUrl":"SearchParameter-MedicationAdministration-id.html","title":"SearchParameterMedicationAdministrationid","generation":"generated"},{"extension":[{"url":"http://hl7.org/fhir/tools/StructureDefinition/ig-page-name","valueUrl":"SearchParameter-MedicationAdministration-identifier.html"}],"nameUrl":"SearchParameter-MedicationAdministration-identifier.html","title":"SearchParameterMedicationAdministrationidentifier","generation":"generated"},{"extension":[{"url":"http://hl7.org/fhir/tools/StructureDefinition/ig-page-name","valueUrl":"SearchParameter-MedicationAdministration-medication.html"}],"nameUrl":"SearchParameter-MedicationAdministration-medication.html","title":"SearchParameterMedicationAdministrationmedication","generation":"generated"},{"extension":[{"url":"http://hl7.org/fhir/tools/StructureDefinition/ig-page-name","valueUrl":"SearchParameter-MedicationAdministration-patient.html"}],"nameUrl":"SearchParameter-MedicationAdministration-patient.html","title":"SearchParameterMedicationAdministrationpatient","generation":"generated"},{"extension":[{"url":"http://hl7.org/fhir/tools/StructureDefinition/ig-page-name","valueUrl":"SearchParameter-MedicationAdministration-performer.html"}],"nameUrl":"SearchParameter-MedicationAdministration-performer.html","title":"SearchParameterMedicationAdministrationperformer","generation":"generated"},{"extension":[{"url":"http://hl7.org/fhir/tools/StructureDefinition/ig-page-name","valueUrl":"SearchParameter-MedicationAdministration-request.html"}],"nameUrl":"SearchParameter-MedicationAdministration-request.html","title":"SearchParameterMedicationAdministrationrequest","generation":"generated"},{"extension":[{"url":"http://hl7.org/fhir/tools/StructureDefinition/ig-page-name","valueUrl":"SearchParameter-MedicationAdministration-status.html"}],"nameUrl":"SearchParameter-MedicationAdministration-status.html","title":"SearchParameterMedicationAdministrationstatus","generation":"generated"},{"extension":[{"url":"http://hl7.org/fhir/tools/StructureDefinition/ig-page-name","valueUrl":"SearchParameter-MedicationAdministration-subject.html"}],"nameUrl":"SearchParameter-MedicationAdministration-subject.html","title":"SearchParameterMedicationAdministrationsubject","generation":"generated"},{"extension":[{"url":"http://hl7.org/fhir/tools/StructureDefinition/ig-page-name","valueUrl":"SearchParameter-MedicationDispense-code.html"}],"nameUrl":"SearchParameter-MedicationDispense-code.html","title":"SearchParameterMedicationDispensecode","generation":"generated"},{"extension":[{"url":"http://hl7.org/fhir/tools/StructureDefinition/ig-page-name","valueUrl":"SearchParameter-MedicationDispense-id.html"}],"nameUrl":"SearchParameter-MedicationDispense-id.html","title":"SearchParameterMedicationDispenseid","generation":"generated"},{"extension":[{"url":"http://hl7.org/fhir/tools/StructureDefinition/ig-page-name","valueUrl":"SearchParameter-MedicationDispense-identifier.html"}],"nameUrl":"SearchParameter-MedicationDispense-identifier.html","title":"SearchParameterMedicationDispenseidentifier","generation":"generated"},{"extension":[{"url":"http://hl7.org/fhir/tools/StructureDefinition/ig-page-name","valueUrl":"SearchParameter-MedicationDispense-medication.html"}],"nameUrl":"SearchParameter-MedicationDispense-medication.html","title":"SearchParameterMedicationDispensemedication","generation":"generated"},{"extension":[{"url":"http://hl7.org/fhir/tools/StructureDefinition/ig-page-name","valueUrl":"SearchParameter-MedicationDispense-patient.html"}],"nameUrl":"SearchParameter-MedicationDispense-patient.html","title":"SearchParameterMedicationDispensepatient","generation":"generated"},{"extension":[{"url":"http://hl7.org/fhir/tools/StructureDefinition/ig-page-name","valueUrl":"SearchParameter-MedicationDispense-performer.html"}],"nameUrl":"SearchParameter-MedicationDispense-performer.html","title":"SearchParameterMedicationDispenseperformer","generation":"generated"},{"extension":[{"url":"http://hl7.org/fhir/tools/StructureDefinition/ig-page-name","valueUrl":"SearchParameter-MedicationDispense-prescription.html"}],"nameUrl":"SearchParameter-MedicationDispense-prescription.html","title":"SearchParameterMedicationDispenseprescription","generation":"generated"},{"extension":[{"url":"http://hl7.org/fhir/tools/StructureDefinition/ig-page-name","valueUrl":"SearchParameter-MedicationDispense-status.html"}],"nameUrl":"SearchParameter-MedicationDispense-status.html","title":"SearchParameterMedicationDispensestatus","generation":"generated"},{"extension":[{"url":"http://hl7.org/fhir/tools/StructureDefinition/ig-page-name","valueUrl":"SearchParameter-MedicationDispense-subject.html"}],"nameUrl":"SearchParameter-MedicationDispense-subject.html","title":"SearchParameterMedicationDispensesubject","generation":"generated"},{"extension":[{"url":"http://hl7.org/fhir/tools/StructureDefinition/ig-page-name","valueUrl":"SearchParameter-MedicationDispense-type.html"}],"nameUrl":"SearchParameter-MedicationDispense-type.html","title":"SearchParameterMedicationDispensetype","generation":"generated"},{"extension":[{"url":"http://hl7.org/fhir/tools/StructureDefinition/ig-page-name","valueUrl":"SearchParameter-MedicationDispense-whenhandedover.html"}],"nameUrl":"SearchParameter-MedicationDispense-whenhandedover.html","title":"SearchParameterMedicationDispensewhenhandedover","generation":"generated"},{"extension":[{"url":"http://hl7.org/fhir/tools/StructureDefinition/ig-page-name","valueUrl":"SearchParameter-MedicationRequest-authoredon.html"}],"nameUrl":"SearchParameter-MedicationRequest-authoredon.html","title":"SearchParameterMedicationRequestauthoredon","generation":"generated"},{"extension":[{"url":"http://hl7.org/fhir/tools/StructureDefinition/ig-page-name","valueUrl":"SearchParameter-MedicationRequest-category.html"}],"nameUrl":"SearchParameter-MedicationRequest-category.html","title":"SearchParameterMedicationRequestcategory","generation":"generated"},{"extension":[{"url":"http://hl7.org/fhir/tools/StructureDefinition/ig-page-name","valueUrl":"SearchParameter-MedicationRequest-code.html"}],"nameUrl":"SearchParameter-MedicationRequest-code.html","title":"SearchParameterMedicationRequestcode","generation":"generated"},{"extension":[{"url":"http://hl7.org/fhir/tools/StructureDefinition/ig-page-name","valueUrl":"SearchParameter-MedicationRequest-date.html"}],"nameUrl":"SearchParameter-MedicationRequest-date.html","title":"SearchParameterMedicationRequestdate","generation":"generated"},{"extension":[{"url":"http://hl7.org/fhir/tools/StructureDefinition/ig-page-name","valueUrl":"SearchParameter-MedicationRequest-id.html"}],"nameUrl":"SearchParameter-MedicationRequest-id.html","title":"SearchParameterMedicationRequestid","generation":"generated"},{"extension":[{"url":"http://hl7.org/fhir/tools/StructureDefinition/ig-page-name","valueUrl":"SearchParameter-MedicationRequest-identifier.html"}],"nameUrl":"SearchParameter-MedicationRequest-identifier.html","title":"SearchParameterMedicationRequestidentifier","generation":"generated"},{"extension":[{"url":"http://hl7.org/fhir/tools/StructureDefinition/ig-page-name","valueUrl":"SearchParameter-MedicationRequest-intent.html"}],"nameUrl":"SearchParameter-MedicationRequest-intent.html","title":"SearchParameterMedicationRequestintent","generation":"generated"},{"extension":[{"url":"http://hl7.org/fhir/tools/StructureDefinition/ig-page-name","valueUrl":"SearchParameter-MedicationRequest-medication.html"}],"nameUrl":"SearchParameter-MedicationRequest-medication.html","title":"SearchParameterMedicationRequestmedication","generation":"generated"},{"extension":[{"url":"http://hl7.org/fhir/tools/StructureDefinition/ig-page-name","valueUrl":"SearchParameter-MedicationRequest-patient.html"}],"nameUrl":"SearchParameter-MedicationRequest-patient.html","title":"SearchParameterMedicationRequestpatient","generation":"generated"},{"extension":[{"url":"http://hl7.org/fhir/tools/StructureDefinition/ig-page-name","valueUrl":"SearchParameter-MedicationRequest-status.html"}],"nameUrl":"SearchParameter-MedicationRequest-status.html","title":"SearchParameterMedicationRequeststatus","generation":"generated"},{"extension":[{"url":"http://hl7.org/fhir/tools/StructureDefinition/ig-page-name","valueUrl":"SearchParameter-MedicationRequest-subject.html"}],"nameUrl":"SearchParameter-MedicationRequest-subject.html","title":"SearchParameterMedicationRequestsubject","generation":"generated"},{"extension":[{"url":"http://hl7.org/fhir/tools/StructureDefinition/ig-page-name","valueUrl":"StructureDefinition-MedicationAdministration-tw-ContinuousPrescription.html"}],"nameUrl":"StructureDefinition-MedicationAdministration-tw-ContinuousPrescription.html","title":"TW Continuous Prescription MedicationAdministration","generation":"generated"},{"extension":[{"url":"http://hl7.org/fhir/tools/StructureDefinition/ig-page-name","valueUrl":"StructureDefinition-MedicationDispense-tw-ContinuousPrescription.html"}],"nameUrl":"StructureDefinition-MedicationDispense-tw-ContinuousPrescription.html","title":"TW Continuous Prescription MedicationDispense","generation":"generated"},{"extension":[{"url":"http://hl7.org/fhir/tools/StructureDefinition/ig-page-name","valueUrl":"StructureDefinition-MedicationRequest-tw-ContinuousPrescription.html"}],"nameUrl":"StructureDefinition-MedicationRequest-tw-ContinuousPrescription.html","title":"TW Continuous Prescription MedicationRequest","generation":"generated"},{"extension":[{"url":"http://hl7.org/fhir/tools/StructureDefinition/ig-page-name","valueUrl":"Patient-a82fe11b-9927-4232-9c6b-c3747860bdd4.html"}],"nameUrl":"Patient-a82fe11b-9927-4232-9c6b-c3747860bdd4.html","title":"a82fe11b-9927-4232-9c6b-c3747860bdd4","generation":"generated"},{"extension":[{"url":"http://hl7.org/fhir/tools/StructureDefinition/ig-page-name","valueUrl":"Practitioner-CGH.KP00023.html"}],"nameUrl":"Practitioner-CGH.KP00023.html","title":"CGH.KP00023","generation":"generated"},{"extension":[{"url":"http://hl7.org/fhir/tools/StructureDefinition/ig-page-name","valueUrl":"MedicationAdministration-MedicationAdministration-Create-20230815.html"}],"nameUrl":"MedicationAdministration-MedicationAdministration-Create-20230815.html","title":"MedicationAdministration-Create-20230815","generation":"generated"},{"extension":[{"url":"http://hl7.org/fhir/tools/StructureDefinition/ig-page-name","valueUrl":"MedicationDispense-MedicationDispense-Create-FirstFill-20230815.html"}],"nameUrl":"MedicationDispense-MedicationDispense-Create-FirstFill-20230815.html","title":"MedicationDispense-Create-FirstFill-20230815","generation":"generated"},{"extension":[{"url":"http://hl7.org/fhir/tools/StructureDefinition/ig-page-name","valueUrl":"MedicationDispense-MedicationDispense-Create-Refill-20230815.html"}],"nameUrl":"MedicationDispense-MedicationDispense-Create-Refill-20230815.html","title":"MedicationDispense-Create-Refill-20230815","generation":"generated"},{"extension":[{"url":"http://hl7.org/fhir/tools/StructureDefinition/ig-page-name","valueUrl":"MedicationDispense-MedicationDispense-Create-RefillComplete-20230815.html"}],"nameUrl":"MedicationDispense-MedicationDispense-Create-RefillComplete-20230815.html","title":"MedicationDispense-Create-RefillComplete-20230815","generation":"generated"},{"extension":[{"url":"http://hl7.org/fhir/tools/StructureDefinition/ig-page-name","valueUrl":"MedicationRequest-MedicationRequest-Create-Active-20230815.html"}],"nameUrl":"MedicationRequest-MedicationRequest-Create-Active-20230815.html","title":"MedicationRequest-Create-Active-20230815","generation":"generated"},{"extension":[{"url":"http://hl7.org/fhir/tools/StructureDefinition/ig-page-name","valueUrl":"MedicationRequest-MedicationRequest-Update-Completed-20230815.html"}],"nameUrl":"MedicationRequest-MedicationRequest-Update-Completed-20230815.html","title":"MedicationRequest-Update-Completed-20230815","generation":"generated"},{"extension":[{"url":"http://hl7.org/fhir/tools/StructureDefinition/ig-page-name","valueUrl":"Organization-PRN.1101020018.html"}],"nameUrl":"Organization-PRN.1101020018.html","title":"國泰醫療財團法人國泰綜合醫院","generation":"generated"}]}]},"parameter":[{"code":"path-resource","value":"input/capabilities"},{"code":"path-resource","value":"input/examples"},{"code":"path-resource","value":"input/extensions"},{"code":"path-resource","value":"input/models"},{"code":"path-resource","value":"input/operations"},{"code":"path-resource","value":"input/profiles"},{"code":"path-resource","value":"input/resources"},{"code":"path-resource","value":"input/vocabulary"},{"code":"path-resource","value":"input/maps"},{"code":"path-resource","value":"input/testing"},{"code":"path-resource","value":"input/history"},{"code":"path-resource","value":"fsh-generated/resources"},{"code":"path-pages","value":"template/config"},{"code":"path-pages","value":"input/images"},{"code":"path-tx-cache","value":"input-cache/txcache"}]}}