{"resourceType":"SearchParameter","id":"MedicationRequest-authoredon","text":{"status":"generated","div":"<div xmlns=\"http://www.w3.org/1999/xhtml\"><h2>SearchParameterMedicationRequestauthoredon</h2><p>Parameter <code>authoredon</code>:<code>date</code></p><div><p>藥品處方的開立時間authoredon</p>\n</div><table class=\"grid\"><tr><td>Resource</td><td><a href=\"http://hl7.org/fhir/R4/medicationrequest.html\">MedicationRequest</a></td></tr><tr><td>Expression</td><td><code>MedicationRequest.authoredOn</code></td></tr><tr><td>Multiples</td><td><ul><li>multipleAnd: It's up to the server whether the parameter may repeat in order to specify multiple values that must all be true</li><li>multipleOr: It's up to the server whether the parameter can have multiple values (separated by comma) where at least one must be true</li></ul></td></tr></table></div>"},"url":"https://prescription.cgh.org.tw/SearchParameter/MedicationRequest-authoredon","version":"0.1.0","name":"SearchParameterMedicationRequestauthoredon","status":"draft","date":"2024-01-25T03:14:46+08:00","publisher":"Cathay Holdings","contact":[{"name":"Cathay Holdings","telecom":[{"system":"url","value":"https://www.cathayholdings.com/holdings/"},{"system":"email","value":"shvoidlee@gmail.com"}]}],"description":"藥品處方的開立時間authoredon","code":"authoredon","base":["MedicationRequest"],"type":"date","expression":"MedicationRequest.authoredOn"}