{
  "resourceType" : "MedicationAdministration",
  "id" : "MedicationAdministration-Create-20230815",
  "meta" : {
    "profile" : ["https://prescription.cgh.org.tw/StructureDefinition/MedicationAdministration-tw-ContinuousPrescription"]
  },
  "text" : {
    "status" : "generated",
    "div" : "<div xmlns=\"http://www.w3.org/1999/xhtml\"><p><b>Generated Narrative: MedicationAdministration</b><a name=\"MedicationAdministration-Create-20230815\"> </a></p><div style=\"display: inline-block; background-color: #d9e0e7; padding: 6px; margin: 4px; border: 1px solid #8da1b4; border-radius: 5px; line-height: 60%\"><p style=\"margin-bottom: 0px\">Resource MedicationAdministration &quot;MedicationAdministration-Create-20230815&quot; </p><p style=\"margin-bottom: 0px\">Profile: <a href=\"StructureDefinition-MedicationAdministration-tw-ContinuousPrescription.html\">TW Continuous Prescription MedicationAdministration</a></p></div><p><b>status</b>: in-progress</p><p><b>medication</b>: GLIBEN TABLETS <span style=\"background: LightGoldenRodYellow; margin: 4px; border: 1px solid khaki\"> (<a href=\"https://twcore.mohw.gov.tw/ig/twcore/0.1.1/CodeSystem-medication-fda-tw.html\">臺灣藥品許可證</a>#衛署藥製字第002863號 &quot;固利康錠&quot;)</span></p><p><b>subject</b>: <a href=\"Patient-a82fe11b-9927-4232-9c6b-c3747860bdd4.html\">Patient/a82fe11b-9927-4232-9c6b-c3747860bdd4</a> &quot;&quot;</p><p><b>effective</b>: 2023-08-01 12:34:56+0800</p><h3>Performers</h3><table class=\"grid\"><tr><td style=\"display: none\">-</td><td><b>Actor</b></td></tr><tr><td style=\"display: none\">*</td><td><a href=\"Patient-a82fe11b-9927-4232-9c6b-c3747860bdd4.html\">Patient/a82fe11b-9927-4232-9c6b-c3747860bdd4</a> &quot;&quot;</td></tr></table><p><b>request</b>: <a href=\"MedicationRequest-MedicationRequest-Create-Active-20230815.html\">MedicationRequest/MedicationRequest-Create-Active-20230815</a></p><h3>Dosages</h3><table class=\"grid\"><tr><td style=\"display: none\">-</td><td><b>Text</b></td><td><b>Route</b></td><td><b>Dose</b></td></tr><tr><td style=\"display: none\">*</td><td>每次一顆</td><td>口眼 <span style=\"background: LightGoldenRodYellow; margin: 4px; border: 1px solid khaki\"> (<a href=\"https://twcore.mohw.gov.tw/ig/twcore/0.1.1/CodeSystem-medication-path-tw.html\">臺灣給藥途徑</a>#PO)</span></td><td>1 TAB<span style=\"background: LightGoldenRodYellow\"> (Details: http://terminology.hl7.org/CodeSystem/v3-orderableDrugForm code TAB = 'Tablet')</span></td></tr></table></div>"
  },
  "status" : "in-progress",
  "medicationCodeableConcept" : {
    "coding" : [{
      "system" : "https://twcore.mohw.gov.tw/ig/twcore/CodeSystem/medication-fda-tw",
      "code" : "衛署藥製字第002863號",
      "display" : "固利康錠"
    }],
    "text" : "GLIBEN TABLETS"
  },
  "subject" : {
    "reference" : "Patient/a82fe11b-9927-4232-9c6b-c3747860bdd4"
  },
  "effectiveDateTime" : "2023-08-01T12:34:56+08:00",
  "performer" : [{
    "actor" : {
      "reference" : "Patient/a82fe11b-9927-4232-9c6b-c3747860bdd4"
    }
  }],
  "request" : {
    "reference" : "MedicationRequest/MedicationRequest-Create-Active-20230815"
  },
  "dosage" : {
    "text" : "每次一顆",
    "route" : {
      "coding" : [{
        "system" : "https://twcore.mohw.gov.tw/ig/twcore/CodeSystem/medication-path-tw",
        "code" : "PO",
        "display" : "口眼"
      }]
    },
    "dose" : {
      "value" : 1,
      "unit" : "TAB",
      "system" : "http://terminology.hl7.org/CodeSystem/v3-orderableDrugForm",
      "code" : "TAB"
    }
  }
}