{
  "resourceType" : "MedicationDispense",
  "id" : "MedicationDispense-Create-FirstFill-20230815",
  "meta" : {
    "profile" : ["https://prescription.cgh.org.tw/StructureDefinition/MedicationDispense-tw-ContinuousPrescription"]
  },
  "text" : {
    "status" : "generated",
    "div" : "<div xmlns=\"http://www.w3.org/1999/xhtml\"><p><b>Generated Narrative: MedicationDispense</b><a name=\"MedicationDispense-Create-FirstFill-20230815\"> </a></p><div style=\"display: inline-block; background-color: #d9e0e7; padding: 6px; margin: 4px; border: 1px solid #8da1b4; border-radius: 5px; line-height: 60%\"><p style=\"margin-bottom: 0px\">Resource MedicationDispense &quot;MedicationDispense-Create-FirstFill-20230815&quot; </p><p style=\"margin-bottom: 0px\">Profile: <a href=\"StructureDefinition-MedicationDispense-tw-ContinuousPrescription.html\">TW Continuous Prescription MedicationDispense</a></p></div><p><b>identifier</b>: Serial Number:\u00a00005</p><p><b>status</b>: in-progress</p><p><b>category</b>: 8-1.就醫類別 <span style=\"background: LightGoldenRodYellow; margin: 4px; border: 1px solid khaki\"> (M07#01)</span></p><p><b>medication</b>: GLIBEN TABLETS <span style=\"background: LightGoldenRodYellow; margin: 4px; border: 1px solid khaki\"> (<a href=\"https://twcore.mohw.gov.tw/ig/twcore/0.1.1/CodeSystem-medication-fda-tw.html\">臺灣藥品許可證</a>#衛署藥製字第002863號 &quot;固利康錠&quot;)</span></p><p><b>subject</b>: <a href=\"Patient-a82fe11b-9927-4232-9c6b-c3747860bdd4.html\">Patient/a82fe11b-9927-4232-9c6b-c3747860bdd4</a> &quot;&quot;</p><blockquote><p><b>performer</b></p><p><b>actor</b>: <a href=\"Practitioner-CGH.KP00023.html\">Practitioner/CGH.KP00023</a> &quot; WANG&quot;</p></blockquote><blockquote><p><b>performer</b></p><p><b>actor</b>: <a href=\"Organization-PRN.1101020018.html\">Organization/PRN.1101020018</a> &quot;國泰醫療財團法人國泰綜合醫院&quot;</p></blockquote><p><b>authorizingPrescription</b>: <a href=\"MedicationRequest-MedicationRequest-Create-Active-20230815.html\">MedicationRequest/MedicationRequest-Create-Active-20230815</a></p><p><b>type</b>: First Fill <span style=\"background: LightGoldenRodYellow; margin: 4px; border: 1px solid khaki\"> (<a href=\"http://terminology.hl7.org/5.3.0/CodeSystem-v3-ActCode.html\">ActCode</a>#FF)</span></p><p><b>quantity</b>: 84 TAB<span style=\"background: LightGoldenRodYellow\"> (Details: http://terminology.hl7.org/CodeSystem/v3-orderableDrugForm code TAB = 'Tablet')</span></p><p><b>daysSupply</b>: 28 days<span style=\"background: LightGoldenRodYellow\"> (Details: UCUM code d = 'd')</span></p><p><b>whenHandedOver</b>: 2023-08-01 11:00:00+0800</p><blockquote><p><b>dosageInstruction</b></p><p><b>sequence</b>: 1</p><p><b>text</b>: 糖尿病口服藥三餐飯前</p><p><b>timing</b>: Code: 飯前</p><p><b>route</b>: 口眼 <span style=\"background: LightGoldenRodYellow; margin: 4px; border: 1px solid khaki\"> (<a href=\"https://twcore.mohw.gov.tw/ig/twcore/0.1.1/CodeSystem-medication-path-tw.html\">臺灣給藥途徑</a>#PO)</span></p><blockquote><p><b>doseAndRate</b></p></blockquote></blockquote></div>"
  },
  "identifier" : [{
    "type" : {
      "coding" : [{
        "system" : "http://terminology.hl7.org/CodeSystem/v2-0203",
        "code" : "SNO"
      }]
    },
    "system" : "https://www.nhi.gov.tw/iccard2.0/M13",
    "value" : "0005"
  }],
  "status" : "in-progress",
  "category" : {
    "coding" : [{
      "system" : "https://www.nhi.gov.tw/iccard2.0/M07",
      "code" : "01",
      "display" : "8-1.就醫類別"
    }]
  },
  "medicationCodeableConcept" : {
    "coding" : [{
      "system" : "https://twcore.mohw.gov.tw/ig/twcore/CodeSystem/medication-fda-tw",
      "code" : "衛署藥製字第002863號",
      "display" : "固利康錠"
    }],
    "text" : "GLIBEN TABLETS"
  },
  "subject" : {
    "reference" : "Patient/a82fe11b-9927-4232-9c6b-c3747860bdd4"
  },
  "performer" : [{
    "actor" : {
      "reference" : "Practitioner/CGH.KP00023"
    }
  },
  {
    "actor" : {
      "reference" : "Organization/PRN.1101020018"
    }
  }],
  "authorizingPrescription" : [{
    "reference" : "MedicationRequest/MedicationRequest-Create-Active-20230815"
  }],
  "type" : {
    "coding" : [{
      "system" : "http://terminology.hl7.org/CodeSystem/v3-ActCode",
      "code" : "FF",
      "display" : "First Fill"
    }]
  },
  "quantity" : {
    "value" : 84,
    "unit" : "TAB",
    "system" : "http://terminology.hl7.org/CodeSystem/v3-orderableDrugForm",
    "code" : "TAB"
  },
  "daysSupply" : {
    "value" : 28,
    "unit" : "days",
    "system" : "http://unitsofmeasure.org",
    "code" : "d"
  },
  "whenHandedOver" : "2023-08-01T11:00:00+08:00",
  "dosageInstruction" : [{
    "sequence" : 1,
    "text" : "糖尿病口服藥三餐飯前",
    "timing" : {
      "code" : {
        "coding" : [{
          "system" : "https://twcore.mohw.gov.tw/ig/twcore/CodeSystem/medication-frequency-tw",
          "code" : "AC",
          "display" : "飯前"
        }]
      }
    },
    "route" : {
      "coding" : [{
        "system" : "https://twcore.mohw.gov.tw/ig/twcore/CodeSystem/medication-path-tw",
        "code" : "PO",
        "display" : "口眼"
      }]
    },
    "doseAndRate" : [{
      "type" : {
        "coding" : [{
          "system" : "http://terminology.hl7.org/CodeSystem/dose-rate-type",
          "code" : "ordered"
        }]
      },
      "doseQuantity" : {
        "value" : 1,
        "unit" : "TAB",
        "system" : "http://terminology.hl7.org/CodeSystem/v3-orderableDrugForm",
        "code" : "TAB"
      }
    }]
  }]
}