{
  "resourceType" : "Patient",
  "id" : "a82fe11b-9927-4232-9c6b-c3747860bdd4",
  "meta" : {
    "profile" : ["https://twcore.mohw.gov.tw/ig/twcore/StructureDefinition/Patient-twcore"]
  },
  "text" : {
    "status" : "generated",
    "div" : "<div xmlns=\"http://www.w3.org/1999/xhtml\"><p style=\"border: 1px #661aff solid; background-color: #e6e6ff; padding: 10px;\"><b>國某泰(OFFICIAL)</b> male, DoB: 1999-01-01 ( Medical record number:\u00a0cgh19910101A123456789\u00a0(use:\u00a0OFFICIAL))</p><hr/><table class=\"grid\"><tr><td style=\"background-color: #f3f5da\" title=\"Record is active\">Active:</td><td colspan=\"3\">true</td></tr><tr><td style=\"background-color: #f3f5da\" title=\"Other Ids (see the one above)\">Other Id:</td><td colspan=\"3\">National Person Identifier where the xxx is the ISO table 3166 3-character (alphabetic) country code:\u00a0A123456789\u00a0(use:\u00a0OFFICIAL)</td></tr></table></div>"
  },
  "identifier" : [{
    "use" : "official",
    "type" : {
      "coding" : [{
        "system" : "http://terminology.hl7.org/CodeSystem/v2-0203",
        "code" : "MR",
        "display" : "Medical record number"
      }]
    },
    "system" : "https://www.cgh.org.tw/",
    "value" : "cgh19910101A123456789"
  },
  {
    "use" : "official",
    "type" : {
      "coding" : [{
        "system" : "http://terminology.hl7.org/CodeSystem/v2-0203",
        "code" : "NNxxx"
      }]
    },
    "system" : "http://www.moi.gov.tw/",
    "value" : "A123456789"
  }],
  "active" : true,
  "name" : [{
    "use" : "official",
    "text" : "國某泰"
  }],
  "gender" : "male",
  "birthDate" : "1999-01-01"
}