{
  "resourceType" : "Practitioner",
  "id" : "CGH.KP00023",
  "meta" : {
    "profile" : ["https://twcore.mohw.gov.tw/ig/twcore/StructureDefinition/Practitioner-twcore"]
  },
  "text" : {
    "status" : "generated",
    "div" : "<div xmlns=\"http://www.w3.org/1999/xhtml\"><p><b>Generated Narrative: Practitioner</b><a name=\"CGH.KP00023\"> </a></p><div style=\"display: inline-block; background-color: #d9e0e7; padding: 6px; margin: 4px; border: 1px solid #8da1b4; border-radius: 5px; line-height: 60%\"><p style=\"margin-bottom: 0px\">Resource Practitioner &quot;CGH.KP00023&quot; </p><p style=\"margin-bottom: 0px\">Profile: <a href=\"https://twcore.mohw.gov.tw/ig/twcore/0.1.1/StructureDefinition-Practitioner-twcore.html\">TW Core Practitioner</a></p></div><p><b>identifier</b>: Medical License number:\u00a0KP00023\u00a0(use:\u00a0OFFICIAL)</p><p><b>active</b>: true</p><p><b>name</b>: 王依昇(OFFICIAL)</p><p><b>telecom</b>: ph: 0912345678(MOBILE)</p><p><b>gender</b>: male</p><h3>Qualifications</h3><table class=\"grid\"><tr><td style=\"display: none\">-</td><td><b>Code</b></td><td><b>Period</b></td></tr><tr><td style=\"display: none\">*</td><td>西醫師 <span style=\"background: LightGoldenRodYellow; margin: 4px; border: 1px solid khaki\"> (<a href=\"https://twcore.mohw.gov.tw/ig/twcore/0.1.1/CodeSystem-health-professional-tw.html\">臺灣醫事人員類別</a>#A)</span></td><td>2005-05-25 --&gt; (ongoing)</td></tr></table></div>"
  },
  "identifier" : [{
    "use" : "official",
    "type" : {
      "coding" : [{
        "system" : "http://terminology.hl7.org/CodeSystem/v2-0203",
        "code" : "MD"
      }]
    },
    "system" : "https://www.cgh.org.tw/",
    "value" : "KP00023"
  }],
  "active" : true,
  "name" : [{
    "use" : "official",
    "text" : "王依昇",
    "family" : "Wang",
    "given" : ["Yi Sheng"]
  }],
  "telecom" : [{
    "system" : "phone",
    "value" : "0912345678",
    "use" : "mobile",
    "period" : {
      "start" : "2022-07-31",
      "end" : "2024-07-31"
    }
  }],
  "gender" : "male",
  "qualification" : [{
    "code" : {
      "coding" : [{
        "system" : "https://twcore.mohw.gov.tw/ig/twcore/CodeSystem/health-professional-tw",
        "code" : "A"
      }]
    },
    "period" : {
      "start" : "2005-05-25"
    }
  }]
}