{
  "resourceType" : "SearchParameter",
  "id" : "MedicationDispense-identifier",
  "text" : {
    "status" : "generated",
    "div" : "<div xmlns=\"http://www.w3.org/1999/xhtml\"><h2>SearchParameterMedicationDispenseidentifier</h2><p>Parameter <code>identifier</code>:<code>token</code></p><div><p>藥品處方發藥紀錄的識別碼(identifier)</p>\n</div><table class=\"grid\"><tr><td>Resource</td><td><a href=\"http://hl7.org/fhir/R4/medicationdispense.html\">MedicationDispense</a></td></tr><tr><td>Expression</td><td><code>MedicationDispense.identifier</code></td></tr><tr><td>Multiples</td><td><ul><li>multipleAnd: It's up to the server whether the parameter may repeat in order to specify multiple values that must all be true</li><li>multipleOr: It's up to the server whether the parameter can have multiple values (separated by comma) where at least one must be true</li></ul></td></tr></table></div>"
  },
  "url" : "https://prescription.cgh.org.tw/SearchParameter/MedicationDispense-identifier",
  "version" : "0.1.0",
  "name" : "SearchParameterMedicationDispenseidentifier",
  "status" : "draft",
  "date" : "2024-01-25T03:14:46+08:00",
  "publisher" : "Cathay Holdings",
  "contact" : [{
    "name" : "Cathay Holdings",
    "telecom" : [{
      "system" : "url",
      "value" : "https://www.cathayholdings.com/holdings/"
    },
    {
      "system" : "email",
      "value" : "shvoidlee@gmail.com"
    }]
  }],
  "description" : "藥品處方發藥紀錄的識別碼(identifier)",
  "code" : "identifier",
  "base" : ["MedicationDispense"],
  "type" : "token",
  "expression" : "MedicationDispense.identifier"
}